OBSTACLE_IDENTIFIER;HORISONTAL_ACCURACY;HORISONTAL_ACCURACY_UOM;LATITUDE;LONGITUDE;LATITUDE_DD;LONGITUDE_DD;HORISONTAL_RESOLUTION;HORISONTAL_RESOLUTION_UOM;HORISONTAL_EXTENT;ELEVATION;ELEVATION_UOM;HEIGHT;HEIGHT_UOM;VERTICAL_ACCURACY;VERTICAL_ACCURACY_UOM;VERTICAL_EXTENT_ACC;VERTICAL_EXTENT_ACC_UOM;VERTICAL_RESOLUTION;VERTICAL_RESOLUTION_UOM;OBSTACLE_TYPE;GEOMETRY_TYPE;INTEGRITY;DATESTAMP;LIGHTING;LIGHTING_CHARACTER;MARKING;STATUS;REMARKS;AD_AIRPORT_PK 
VISBY-22126;10;M;573726.9N;0181910.8E;57.62413;18.31966;0.3;Seconds;;310;FT;131;FT;5;M;5;M;1;M;STACK;POINT;ROUTINE;20260108;Y;FR;;COMPLETED;;179
VISBY-2258;10;M;573829.2N;0181944.8E;57.64146;18.32911;0.3;Seconds;;263;FT;98;FT;5;M;5;M;1;M;STACK;POINT;ROUTINE;20260108;N;;;COMPLETED;;179
ESSV1004;;OTHER;573844.5N;0182012.9E;57.64568;18.33691;;;;185;FT;28;FT;;OTHER;;OTHER;;;TREE;POINT;ROUTINE;;;;;COMPLETED;;179
ESSV1006;;OTHER;573844.7N;0182014.7E;57.64574;18.33743;;;;200;FT;41;FT;;OTHER;;OTHER;;;TREE;POINT;ROUTINE;;;;;COMPLETED;;179
ESSV1009;;OTHER;573843.8N;0182015.5E;57.64551;18.33763;;;;210;FT;52;FT;;OTHER;;OTHER;;;TREE;POINT;ROUTINE;;;;;COMPLETED;;179
ESSV734;;OTHER;573803.2N;0181957.3E;57.63423;18.33259;;;;246;FT;71;FT;;OTHER;;OTHER;;;BUILDING;POINT;ROUTINE;;;;;COMPLETED;;179
ESSV844;;OTHER;573803.7N;0181954.2E;57.63436;18.33171;;;;258;FT;84;FT;;OTHER;;OTHER;;;BUILDING;POINT;ROUTINE;;;;;COMPLETED;;179
ESSV531;;OTHER;573803.1N;0181952.2E;57.6342;18.33118;;;;280;FT;108;FT;;OTHER;;OTHER;;;STACK;POINT;ROUTINE;;;;;COMPLETED;;179
ESSV1968;;OTHER;573913.4N;0181909.5E;57.65374;18.3193;;;;179;FT;40;FT;;OTHER;;OTHER;;;TREE;POINT;ROUTINE;;;;;COMPLETED;;179
ESSV417;;OTHER;573907.5N;0181905.7E;57.65208;18.31826;;;;176;FT;32;FT;;OTHER;;OTHER;;;POLE;POINT;ROUTINE;;;;;COMPLETED;;179
ESSV2035;;OTHER;573903.5N;0181858.6E;57.65096;18.31628;;;;190;FT;49;FT;;OTHER;;OTHER;;;TREE;POINT;ROUTINE;;;;;COMPLETED;;179
ESSV2034;;OTHER;573902.9N;0181857.9E;57.65081;18.31608;;;;181;FT;40;FT;;OTHER;;OTHER;;;TREE;POINT;ROUTINE;;;;;COMPLETED;;179
ESSV1409;;OTHER;573858.5N;0182059.3E;57.64959;18.34981;;;;179;FT;11;FT;;OTHER;;OTHER;;;VEGETATION;POINT;ROUTINE;;;;;COMPLETED;;179
ESSV1406;;OTHER;573858.6N;0182058.9E;57.64961;18.34969;;;;189;FT;21;FT;;OTHER;;OTHER;;;TREE;POINT;ROUTINE;;;;;COMPLETED;;179
ESSV1393;;OTHER;573856.6N;0182110.1E;57.64906;18.3528;;;;192;FT;22;FT;;OTHER;;OTHER;;;TREE;POINT;ROUTINE;;;;;COMPLETED;;179
ESSV1384;;OTHER;573853.1N;0182104.9E;57.64808;18.35136;;;;188;FT;15;FT;;OTHER;;OTHER;;;TREE;POINT;ROUTINE;;;;;COMPLETED;;179
ESSV1389;;OTHER;573854.8N;0182107.9E;57.64856;18.35221;;;;192;FT;22;FT;;OTHER;;OTHER;;;TREE;POINT;ROUTINE;;;;;COMPLETED;;179
ESSV1371;;OTHER;573854.0N;0182108.5E;57.64834;18.35237;;;;195;FT;24;FT;;OTHER;;OTHER;;;TREE;POINT;ROUTINE;;;;;COMPLETED;;179
ESSV1375;;OTHER;573853.6N;0182105.1E;57.64823;18.35141;;;;193;FT;21;FT;;OTHER;;OTHER;;;TREE;POINT;ROUTINE;;;;;COMPLETED;;179
ESSV1386;;OTHER;573853.4N;0182103.0E;57.64817;18.35083;;;;190;FT;18;FT;;OTHER;;OTHER;;;TREE;POINT;ROUTINE;;;;;COMPLETED;;179
ESSV1423;;OTHER;573855.1N;0182104.0E;57.64863;18.35112;;;;181;FT;10;FT;;OTHER;;OTHER;;;VEGETATION;POINT;ROUTINE;;;;;COMPLETED;;179
ESSV1376;;OTHER;573846.3N;0182135.0E;57.6462;18.35971;;;;250;FT;83;FT;;OTHER;;OTHER;;;TREE;POINT;ROUTINE;;;;;COMPLETED;;179
ESSV1010;;OTHER;573843.5N;0182016.5E;57.64541;18.33792;;;;213;FT;55;FT;;OTHER;;OTHER;;;TREE;POINT;ROUTINE;;;;;COMPLETED;;179
ESSV195;;OTHER;573854.5N;0182047.9E;57.64847;18.34664;;;;172;FT;10;FT;;OTHER;;OTHER;;;SIGN;POINT;ROUTINE;;;;;COMPLETED;;179
ESSV1233;;OTHER;573852.2N;0182048.8E;57.64783;18.34688;;;;220;FT;55;FT;;OTHER;;OTHER;;;TREE;POINT;ROUTINE;;;;;COMPLETED;;179
ESSV1014;;OTHER;573839.3N;0182016.9E;57.64425;18.33804;;;;191;FT;29;FT;;OTHER;;OTHER;;;TREE;POINT;ROUTINE;;;;;COMPLETED;;179
ESSV1015;;OTHER;573814.6N;0182007.6E;57.63739;18.33546;;;;217;FT;49;FT;;OTHER;;OTHER;;;TREE;POINT;ROUTINE;;;;;COMPLETED;;179
ESSV1147;;OTHER;573917.2N;0182057.7E;57.65477;18.34936;;;;196;FT;50;FT;;OTHER;;OTHER;;;TREE;POINT;ROUTINE;;;;;COMPLETED;;179
ESSV1190;;OTHER;573845.1N;0182120.8E;57.64586;18.35577;;;;239;FT;70;FT;;OTHER;;OTHER;;;TREE;POINT;ROUTINE;;;;;COMPLETED;;179
ESSV1189;;OTHER;573845.3N;0182121.5E;57.64592;18.35597;;;;237;FT;69;FT;;OTHER;;OTHER;;;TREE;POINT;ROUTINE;;;;;COMPLETED;;179
ESSV704;;OTHER;573633.0N;0182035.0E;57.60916;18.34306;;;;430;FT;196;FT;;OTHER;;OTHER;;;ANTENNA;POINT;ROUTINE;;;;;COMPLETED;;179
ESSV1739;;OTHER;573934.9N;0181949.0E;57.65969;18.33029;;;;200;FT;53;FT;;OTHER;;OTHER;;;TREE;POINT;ROUTINE;;;;;COMPLETED;;179
ESSV1239;;OTHER;573851.9N;0182047.3E;57.64774;18.34647;;;;226;FT;60;FT;;OTHER;;OTHER;;;TREE;POINT;ROUTINE;;;;;COMPLETED;;179
ESSV300;;OTHER;573910.4N;0182148.5E;57.65288;18.36346;;;;225;FT;57;FT;;OTHER;;OTHER;;;POLE;POINT;ROUTINE;;;;;COMPLETED;;179
ESSV1856;;OTHER;573903.5N;0182225.1E;57.65097;18.37365;;;;247;FT;81;FT;;OTHER;;OTHER;;;TREE;POINT;ROUTINE;;;;;COMPLETED;;179
ESSV1820;;OTHER;573903.6N;0182127.5E;57.65101;18.35765;;;;220;FT;54;FT;;OTHER;;OTHER;;;TREE;POINT;ROUTINE;;;;;COMPLETED;;179
ESSV2020;;OTHER;573852.5N;0181853.3E;57.64793;18.3148;;;;207;FT;60;FT;;OTHER;;OTHER;;;TREE;POINT;ROUTINE;;;;;COMPLETED;;179
ESSV1026;;OTHER;573828.2N;0182019.7E;57.64117;18.33882;;;;238;FT;69;FT;;OTHER;;OTHER;;;TREE;POINT;ROUTINE;;;;;COMPLETED;;179
ESSV1664;;OTHER;573934.8N;0181952.9E;57.65967;18.33136;;;;201;FT;56;FT;;OTHER;;OTHER;;;TREE;POINT;ROUTINE;;;;;COMPLETED;;179
ESSV1293;;OTHER;573922.5N;0181925.7E;57.65626;18.32381;;;;198;FT;54;FT;;OTHER;;OTHER;;;TREE;POINT;ROUTINE;;;;;COMPLETED;;179
ESSV420;;OTHER;573856.5N;0181831.4E;57.64902;18.30872;;;;206;FT;64;FT;;OTHER;;OTHER;;;BUILDING;POINT;ROUTINE;;;;;COMPLETED;;179
VISBY-12704;10;M;573816.1N;0181837.5E;57.6378;18.31042;0.3;Seconds;;249;FT;98;FT;5;M;5;M;1;M;ANTENNA;POINT;ROUTINE;20260108;N;;;COMPLETED;;179
ESSV1246;;OTHER;573851.8N;0182047.8E;57.64772;18.34661;;;;219;FT;55;FT;;OTHER;;OTHER;;;TREE;POINT;ROUTINE;;;;;COMPLETED;;179
ESSV683;;OTHER;573756.0N;0181936.4E;57.63223;18.32679;;;;240;FT;67;FT;;OTHER;;OTHER;;;ANTENNA;POINT;ROUTINE;;;;;COMPLETED;;179
ESSV7;;OTHER;573835.1N;0181915.9E;57.64307;18.32108;;;;226;FT;71;FT;;OTHER;;OTHER;;;ANTENNA;POINT;ROUTINE;;;;;COMPLETED;;179
ESSV2196;;OTHER;574014.3N;0182025.6E;57.67064;18.34045;;;;180;FT;50;FT;;OTHER;;OTHER;;;TREE;POINT;ROUTINE;;;;;COMPLETED;;179
ESSV2218;;OTHER;574006.1N;0182026.4E;57.66836;18.34067;;;;185;FT;50;FT;;OTHER;;OTHER;;;TREE;POINT;ROUTINE;;;;;COMPLETED;;179
ESSV1708;;OTHER;573952.3N;0182006.7E;57.66453;18.3352;;;;190;FT;51;FT;;OTHER;;OTHER;;;TREE;POINT;ROUTINE;;;;;COMPLETED;;179
ESSV1407;;OTHER;573859.5N;0182059.2E;57.64985;18.34976;;;;183;FT;16;FT;;OTHER;;OTHER;;;TREE;POINT;ROUTINE;;;;;COMPLETED;;179
ESSV1349;;OTHER;573859.1N;0182111.0E;57.64975;18.35307;;;;200;FT;32;FT;;OTHER;;OTHER;;;TREE;POINT;ROUTINE;;;;;COMPLETED;;179
ESSV1728;;OTHER;573946.1N;0181957.3E;57.66282;18.33259;;;;196;FT;54;FT;;OTHER;;OTHER;;;TREE;POINT;ROUTINE;;;;;COMPLETED;;179
ESSV1116;;OTHER;574043.0N;0182202.8E;57.6786;18.36744;;;;214;FT;82;FT;;OTHER;;OTHER;;;TREE;POINT;ROUTINE;;;;;COMPLETED;;179
ESSV1131;;OTHER;574007.2N;0182213.2E;57.66868;18.37034;;;;201;FT;69;FT;;OTHER;;OTHER;;;TREE;POINT;ROUTINE;;;;;COMPLETED;;179
ESSV1123;;OTHER;573935.4N;0182144.0E;57.65984;18.36223;;;;200;FT;57;FT;;OTHER;;OTHER;;;TREE;POINT;ROUTINE;;;;;COMPLETED;;179
ESSV1611;;OTHER;573939.1N;0182200.5E;57.66085;18.3668;;;;197;FT;53;FT;;OTHER;;OTHER;;;TREE;POINT;ROUTINE;;;;;COMPLETED;;179
ESSV1601;;OTHER;573944.5N;0182219.3E;57.66236;18.37203;;;;202;FT;63;FT;;OTHER;;OTHER;;;TREE;POINT;ROUTINE;;;;;COMPLETED;;179
ESSV1626;;OTHER;573939.0N;0182147.7E;57.66083;18.36325;;;;198;FT;59;FT;;OTHER;;OTHER;;;TREE;POINT;ROUTINE;;;;;COMPLETED;;179
ESSV1624;;OTHER;573934.1N;0182151.5E;57.65948;18.36432;;;;225;FT;78;FT;;OTHER;;OTHER;;;TREE;POINT;ROUTINE;;;;;COMPLETED;;179
ESSV1843;;OTHER;573933.2N;0182147.3E;57.65923;18.36315;;;;217;FT;71;FT;;OTHER;;OTHER;;;TREE;POINT;ROUTINE;;;;;COMPLETED;;179
ESSV1103;;OTHER;574003.7N;0182124.9E;57.66769;18.35692;;;;190;FT;58;FT;;OTHER;;OTHER;;;TREE;POINT;ROUTINE;;;;;COMPLETED;;179
ESSV1778;;OTHER;574020.0N;0182137.2E;57.67222;18.36033;;;;184;FT;55;FT;;OTHER;;OTHER;;;TREE;POINT;ROUTINE;;;;;COMPLETED;;179
ESSV1594;;OTHER;573954.9N;0182130.5E;57.66524;18.35846;;;;193;FT;60;FT;;OTHER;;OTHER;;;TREE;POINT;ROUTINE;;;;;COMPLETED;;179
ESSV1844;;OTHER;573930.6N;0182158.6E;57.6585;18.36627;;;;224;FT;64;FT;;OTHER;;OTHER;;;TREE;POINT;ROUTINE;;;;;COMPLETED;;179
ESSV1250;;OTHER;573937.2N;0182011.5E;57.66032;18.33652;;;;189;FT;50;FT;;OTHER;;OTHER;;;TREE;POINT;ROUTINE;;;;;COMPLETED;;179
ESSV1773;;OTHER;574045.2N;0182155.6E;57.67922;18.36546;;;;208;FT;73;FT;;OTHER;;OTHER;;;TREE;POINT;ROUTINE;;;;;COMPLETED;;179
ESSV1673;;OTHER;573947.9N;0182000.5E;57.66331;18.33347;;;;190;FT;49;FT;;OTHER;;OTHER;;;TREE;POINT;ROUTINE;;;;;COMPLETED;;179
ESSV457;;OTHER;574030.7N;0182052.5E;57.67519;18.34793;;;;216;FT;81;FT;;OTHER;;OTHER;;;POLE;POINT;ROUTINE;;;;;COMPLETED;;179
VISBY/YGNE-3897;10;M;573507.7N;0181101.2E;57.58547;18.18366;0.3;Seconds;;609;FT;463;FT;5;M;5;M;1;M;ANTENNA;POINT;ROUTINE;20250121;Y;FR;;COMPLETED;;179
ESSV2033;;OTHER;573901.3N;0181859.3E;57.65036;18.31649;;;;183;FT;38;FT;;OTHER;;OTHER;;;TREE;POINT;ROUTINE;;;;;COMPLETED;;179
ESSV808;;OTHER;573900.8N;0181858.8E;57.65022;18.31634;;;;186;FT;42;FT;;OTHER;;OTHER;;;POLE;POINT;ROUTINE;;;;;COMPLETED;;179
ESSV1986;;OTHER;573902.1N;0181855.3E;57.6506;18.31535;;;;178;FT;36;FT;;OTHER;;OTHER;;;TREE;POINT;ROUTINE;;;;;COMPLETED;;179
ESSV1007;;OTHER;573842.7N;0182014.0E;57.6452;18.33722;;;;208;FT;50;FT;;OTHER;;OTHER;;;TREE;POINT;ROUTINE;;;;;COMPLETED;;179
ESSV54;;OTHER;573842.4N;0181947.7E;57.64511;18.32991;;;;188;FT;34;FT;;OTHER;;OTHER;;;POLE;POINT;ROUTINE;;;;;COMPLETED;;179
ESSV1008;;OTHER;573842.7N;0182014.3E;57.64519;18.33731;;;;209;FT;48;FT;;OTHER;;OTHER;;;TREE;POINT;ROUTINE;;;;;COMPLETED;;179
ESSV56;;OTHER;573842.3N;0181948.2E;57.6451;18.33007;;;;188;FT;34;FT;;OTHER;;OTHER;;;POLE;POINT;ROUTINE;;;;;COMPLETED;;179
ESSV892;;OTHER;573825.2N;0181947.5E;57.64034;18.32985;;;;220;FT;44;FT;;OTHER;;OTHER;;;STACK;POINT;ROUTINE;;;;;COMPLETED;;179
ESSV11;;OTHER;573829.2N;0181944.9E;57.64146;18.32913;;;;239;FT;74;FT;;OTHER;;OTHER;;;STACK;POINT;ROUTINE;;;;;COMPLETED;;179
SÖDERGRAVAR-118078;10;M;573756.6N;0181744.0E;57.6324;18.29555;0.3;Seconds;;295;FT;157;FT;5;M;5;M;1;M;TOWER;POINT;ROUTINE;;UNKNOWN;unknown;;COMPLETED;;179
ESSV1970;;OTHER;573912.4N;0181909.1E;57.65345;18.31919;;;;174;FT;34;FT;;OTHER;;OTHER;;;TREE;POINT;ROUTINE;;;;;COMPLETED;;179
ESSV2070;;OTHER;573907.8N;0181936.9E;57.65217;18.32691;;;;152;FT;11;FT;;OTHER;;OTHER;;;VEGETATION;POINT;ROUTINE;;;;;COMPLETED;;179
ESSV1974;;OTHER;573910.1N;0181909.0E;57.65281;18.31916;;;;189;FT;46;FT;;OTHER;;OTHER;;;TREE;POINT;ROUTINE;;;;;COMPLETED;;179
ESSV2038;;OTHER;573908.1N;0181919.3E;57.65225;18.32203;;;;166;FT;22;FT;;OTHER;;OTHER;;;TREE;POINT;ROUTINE;;;;;COMPLETED;;179
ESSV2026;;OTHER;573901.8N;0181922.1E;57.6505;18.3228;;;;167;FT;21;FT;;OTHER;;OTHER;;;TREE;POINT;ROUTINE;;;;;COMPLETED;;179
ESSV864;;OTHER;573904.7N;0181901.8E;57.65132;18.31717;;;;177;FT;34;FT;;OTHER;;OTHER;;;POLE;POINT;ROUTINE;;;;;COMPLETED;;179
ESSV1988;;OTHER;573903.5N;0181912.0E;57.65098;18.32;;;;176;FT;36;FT;;OTHER;;OTHER;;;TREE;POINT;ROUTINE;;;;;COMPLETED;;179
ESSV151;;OTHER;573533.8N;0182222.8E;57.59271;18.37299;;;;1103;FT;845;FT;;OTHER;;OTHER;;;ANTENNA;POINT;ROUTINE;;;;;COMPLETED;;179
ESSV1404;;OTHER;573858.8N;0182102.7E;57.64968;18.35075;;;;183;FT;14;FT;;OTHER;;OTHER;;;TREE;POINT;ROUTINE;;;;;COMPLETED;;179
ESSV1373;;OTHER;573854.0N;0182106.2E;57.64834;18.35174;;;;196;FT;24;FT;;OTHER;;OTHER;;;TREE;POINT;ROUTINE;;;;;COMPLETED;;179
ESSV1380;;OTHER;573851.4N;0182104.5E;57.6476;18.35125;;;;192;FT;20;FT;;OTHER;;OTHER;;;TREE;POINT;ROUTINE;;;;;COMPLETED;;179
ESSV1403;;OTHER;573858.1N;0182102.5E;57.64947;18.35069;;;;182;FT;12;FT;;OTHER;;OTHER;;;TREE;POINT;ROUTINE;;;;;COMPLETED;;179
ESSV1351;;OTHER;573858.7N;0182112.0E;57.64963;18.35333;;;;199;FT;30;FT;;OTHER;;OTHER;;;TREE;POINT;ROUTINE;;;;;COMPLETED;;179
ESSV1383;;OTHER;573853.6N;0182101.9E;57.64822;18.35052;;;;187;FT;15;FT;;OTHER;;OTHER;;;TREE;POINT;ROUTINE;;;;;COMPLETED;;179
ESSV1390;;OTHER;573856.1N;0182113.6E;57.6489;18.35377;;;;193;FT;25;FT;;OTHER;;OTHER;;;TREE;POINT;ROUTINE;;;;;COMPLETED;;179
ESSV1391;;OTHER;573856.0N;0182106.5E;57.64889;18.35181;;;;184;FT;14;FT;;OTHER;;OTHER;;;TREE;POINT;ROUTINE;;;;;COMPLETED;;179
ESSV191;;OTHER;573852.1N;0182058.6E;57.64779;18.3496;;;;188;FT;15;FT;;OTHER;;OTHER;;;STACK;POINT;ROUTINE;;;;;COMPLETED;;179
ESSV1213;;OTHER;573851.7N;0182102.2E;57.64769;18.35062;;;;196;FT;24;FT;;OTHER;;OTHER;;;TREE;POINT;ROUTINE;;;;;COMPLETED;;179
ESSV1427;;OTHER;573854.0N;0182101.6E;57.64832;18.35045;;;;182;FT;10;FT;;OTHER;;OTHER;;;VEGETATION;POINT;ROUTINE;;;;;COMPLETED;;179
ESSV1368;;OTHER;573848.4N;0182209.0E;57.64677;18.36917;;;;252;FT;84;FT;;OTHER;;OTHER;;;TREE;POINT;ROUTINE;;;;;COMPLETED;;179
ESSV521;;OTHER;574005.2N;0182107.7E;57.66812;18.35213;;;;184;FT;50;FT;;OTHER;;OTHER;;;NAVAID;POINT;ROUTINE;;;;;COMPLETED;;179
ESSV624;;OTHER;573809.4N;0182001.4E;57.63595;18.33372;;;;238;FT;67;FT;;OTHER;;OTHER;;;POLE;POINT;ROUTINE;;;;;COMPLETED;;179
ESSV626;;OTHER;573816.5N;0182004.2E;57.63791;18.33451;;;;235;FT;68;FT;;OTHER;;OTHER;;;POLE;POINT;ROUTINE;;;;;COMPLETED;;179
ESSV18;;OTHER;573816.8N;0182007.6E;57.63801;18.33543;;;;249;FT;81;FT;;OTHER;;OTHER;;;ANTENNA;POINT;ROUTINE;;;;;COMPLETED;;179
ESSV1169;;OTHER;573910.7N;0182057.4E;57.65296;18.34928;;;;204;FT;53;FT;;OTHER;;OTHER;;;TREE;POINT;ROUTINE;;;;;COMPLETED;;179
ESSV1207;;OTHER;573834.3N;0182123.3E;57.64285;18.35647;;;;239;FT;65;FT;;OTHER;;OTHER;;;TREE;POINT;ROUTINE;;;;;COMPLETED;;179
ESSV1205;;OTHER;573842.6N;0182116.5E;57.64518;18.35458;;;;234;FT;64;FT;;OTHER;;OTHER;;;TREE;POINT;ROUTINE;;;;;COMPLETED;;179
ESSV142;;OTHER;573405.3N;0181701.0E;57.56814;18.28361;;;;552;FT;291;FT;;OTHER;;OTHER;;;ANTENNA;POINT;ROUTINE;;;;;COMPLETED;;179
ESSV1928;;OTHER;573934.3N;0181948.3E;57.65954;18.33007;;;;201;FT;55;FT;;OTHER;;OTHER;;;TREE;POINT;ROUTINE;;;;;COMPLETED;;179
ESSV1221;;OTHER;573847.2N;0182059.5E;57.64646;18.34987;;;;226;FT;56;FT;;OTHER;;OTHER;;;TREE;POINT;ROUTINE;;;;;COMPLETED;;179
ESSV1;;OTHER;573940.2N;0182020.7E;57.66117;18.33909;;;;218;FT;80;FT;;OTHER;;OTHER;;;CONTROL_TOWER;POINT;ROUTINE;;;;;COMPLETED;;179
ESSV477;;OTHER;574007.2N;0181959.1E;57.66866;18.33307;;;;240;FT;141;FT;;OTHER;;OTHER;;;ANTENNA;POINT;ROUTINE;;;;;COMPLETED;;179
ESSV1228;;OTHER;573846.7N;0182057.3E;57.64631;18.34926;;;;227;FT;56;FT;;OTHER;;OTHER;;;TREE;POINT;ROUTINE;;;;;COMPLETED;;179
ESSV950;;OTHER;573827.2N;0181900.5E;57.64089;18.31681;;;;212;FT;65;FT;;OTHER;;OTHER;;;TREE;POINT;ROUTINE;;;;;COMPLETED;;179
ESSV1016;;OTHER;573756.5N;0182001.4E;57.63237;18.33373;;;;240;FT;66;FT;;OTHER;;OTHER;;;TREE;POINT;ROUTINE;;;;;COMPLETED;;179
ESSV340;;OTHER;573940.9N;0182022.1E;57.66135;18.33948;;;;205;FT;69;FT;;OTHER;;OTHER;;;POLE;POINT;ROUTINE;;;;;COMPLETED;;179
ESSV2022;;OTHER;573854.1N;0181856.2E;57.64836;18.31561;;;;201;FT;54;FT;;OTHER;;OTHER;;;TREE;POINT;ROUTINE;;;;;COMPLETED;;179
ESSV1059;;OTHER;573837.9N;0182031.4E;57.64387;18.34206;;;;219;FT;52;FT;;OTHER;;OTHER;;;TREE;POINT;ROUTINE;;;;;COMPLETED;;179
ESSV1075;;OTHER;573840.8N;0182044.4E;57.64465;18.34566;;;;217;FT;50;FT;;OTHER;;OTHER;;;TREE;POINT;ROUTINE;;;;;COMPLETED;;179
ESSV1242;;OTHER;573852.3N;0182045.4E;57.64785;18.34594;;;;226;FT;63;FT;;OTHER;;OTHER;;;TREE;POINT;ROUTINE;;;;;COMPLETED;;179
ESSV1080;;OTHER;573851.3N;0182044.7E;57.64758;18.34574;;;;227;FT;63;FT;;OTHER;;OTHER;;;TREE;POINT;ROUTINE;;;;;COMPLETED;;179
ESSV203;;OTHER;573856.2N;0181831.0E;57.64893;18.3086;;;;208;FT;65;FT;;OTHER;;OTHER;;;STACK;POINT;ROUTINE;;;;;COMPLETED;;179
VÄSTERHEJDE-3987;10;M;573405.3N;0181701.0E;57.56813;18.28361;0.3;Seconds;;593;FT;312;FT;5;M;5;M;1;M;ANTENNA;POINT;ROUTINE;20010917;Y;FR;;COMPLETED;;179
VISBY-24825;10;M;573849.3N;0182049.8E;57.64702;18.34716;0.3;Seconds;;249;FT;79;FT;5;M;5;M;1;M;ANTENNA;POINT;ROUTINE;20250121;N;;;COMPLETED;;179
ESSV1232;;OTHER;573851.7N;0182048.2E;57.6477;18.34673;;;;223;FT;57;FT;;OTHER;;OTHER;;;TREE;POINT;ROUTINE;;;;;COMPLETED;;179
ESSV886;;OTHER;573855.4N;0181835.6E;57.64872;18.3099;;;;205;FT;62;FT;;OTHER;;OTHER;;;BUILDING;POINT;ROUTINE;;;;;COMPLETED;;179
ESSV1827;;OTHER;573913.6N;0182059.0E;57.65377;18.34973;;;;202;FT;53;FT;;OTHER;;OTHER;;;TREE;POINT;ROUTINE;;;;;COMPLETED;;179
ESSV2192;;OTHER;574015.3N;0182026.2E;57.67091;18.34061;;;;185;FT;54;FT;;OTHER;;OTHER;;;TREE;POINT;ROUTINE;;;;;COMPLETED;;179
ESSV2223;;OTHER;574004.4N;0182021.2E;57.66789;18.33923;;;;184;FT;50;FT;;OTHER;;OTHER;;;TREE;POINT;ROUTINE;;;;;COMPLETED;;179
ESSV2182;;OTHER;574018.6N;0182027.0E;57.67183;18.34084;;;;184;FT;53;FT;;OTHER;;OTHER;;;TREE;POINT;ROUTINE;;;;;COMPLETED;;179
ESSV2147;;OTHER;574035.2N;0182028.1E;57.67644;18.34113;;;;190;FT;62;FT;;OTHER;;OTHER;;;TREE;POINT;ROUTINE;;;;;COMPLETED;;179
ESSV2149;;OTHER;574034.9N;0182027.0E;57.67636;18.34083;;;;187;FT;59;FT;;OTHER;;OTHER;;;TREE;POINT;ROUTINE;;;;;COMPLETED;;179
ESSV1890;;OTHER;574004.8N;0182026.6E;57.66801;18.34072;;;;188;FT;54;FT;;OTHER;;OTHER;;;TREE;POINT;ROUTINE;;;;;COMPLETED;;179
ESSV1892;;OTHER;574005.3N;0182025.1E;57.66814;18.34031;;;;188;FT;53;FT;;OTHER;;OTHER;;;TREE;POINT;ROUTINE;;;;;COMPLETED;;179
ESSV1893;;OTHER;574005.0N;0182024.7E;57.66805;18.34019;;;;186;FT;52;FT;;OTHER;;OTHER;;;TREE;POINT;ROUTINE;;;;;COMPLETED;;179
ESSV1700;;OTHER;573957.6N;0182006.9E;57.66599;18.33526;;;;188;FT;52;FT;;OTHER;;OTHER;;;TREE;POINT;ROUTINE;;;;;COMPLETED;;179
ESSV1702;;OTHER;573957.0N;0182016.3E;57.66582;18.33786;;;;187;FT;50;FT;;OTHER;;OTHER;;;TREE;POINT;ROUTINE;;;;;COMPLETED;;179
ESSV1344;;OTHER;573900.6N;0182111.3E;57.65018;18.35313;;;;198;FT;30;FT;;OTHER;;OTHER;;;TREE;POINT;ROUTINE;;;;;COMPLETED;;179
ESSV1350;;OTHER;573859.0N;0182112.0E;57.64971;18.35334;;;;202;FT;33;FT;;OTHER;;OTHER;;;TREE;POINT;ROUTINE;;;;;COMPLETED;;179
ESSV461;;OTHER;574006.9N;0182000.2E;57.6686;18.33338;;;;226;FT;127;FT;;OTHER;;OTHER;;;BUILDING;POINT;ROUTINE;;;;;COMPLETED;;179
ESSV1731;;OTHER;573943.9N;0182001.0E;57.66221;18.33362;;;;193;FT;54;FT;;OTHER;;OTHER;;;TREE;POINT;ROUTINE;;;;;COMPLETED;;179
ESSV1737;;OTHER;573941.6N;0182005.4E;57.66157;18.33484;;;;192;FT;54;FT;;OTHER;;OTHER;;;TREE;POINT;ROUTINE;;;;;COMPLETED;;179
ESSV1775;;OTHER;574043.8N;0182203.7E;57.67884;18.36769;;;;216;FT;83;FT;;OTHER;;OTHER;;;TREE;POINT;ROUTINE;;;;;COMPLETED;;179
ESSV1777;;OTHER;574044.4N;0182217.3E;57.67901;18.37147;;;;218;FT;85;FT;;OTHER;;OTHER;;;TREE;POINT;ROUTINE;;;;;COMPLETED;;179
ESSV1132;;OTHER;574005.7N;0182215.9E;57.66825;18.37108;;;;201;FT;70;FT;;OTHER;;OTHER;;;TREE;POINT;ROUTINE;;;;;COMPLETED;;179
ESSV1603;;OTHER;573941.4N;0182213.3E;57.66149;18.37036;;;;217;FT;73;FT;;OTHER;;OTHER;;;TREE;POINT;ROUTINE;;;;;COMPLETED;;179
ESSV1612;;OTHER;573935.3N;0182200.0E;57.65982;18.36666;;;;218;FT;70;FT;;OTHER;;OTHER;;;TREE;POINT;ROUTINE;;;;;COMPLETED;;179
ESSV1130;;OTHER;573956.0N;0182228.4E;57.66555;18.37456;;;;204;FT;74;FT;;OTHER;;OTHER;;;TREE;POINT;ROUTINE;;;;;COMPLETED;;179
ESSV1625;;OTHER;573938.2N;0182145.7E;57.66062;18.3627;;;;197;FT;57;FT;;OTHER;;OTHER;;;TREE;POINT;ROUTINE;;;;;COMPLETED;;179
ESSV1124;;OTHER;573930.3N;0182127.5E;57.65841;18.35764;;;;195;FT;51;FT;;OTHER;;OTHER;;;TREE;POINT;ROUTINE;;;;;COMPLETED;;179
ESSV614;;OTHER;574021.9N;0182041.4E;57.67276;18.34482;;;;184;FT;49;FT;;OTHER;;OTHER;;;CONTROL_TOWER;POINT;ROUTINE;;;;;COMPLETED;;179
ESSV1572;;OTHER;574019.5N;0182136.8E;57.67208;18.36023;;;;185;FT;56;FT;;OTHER;;OTHER;;;TREE;POINT;ROUTINE;;;;;COMPLETED;;179
ESSV1637;;OTHER;573930.8N;0182122.7E;57.65855;18.35629;;;;198;FT;54;FT;;OTHER;;OTHER;;;TREE;POINT;ROUTINE;;;;;COMPLETED;;179
ESSV1632;;OTHER;573924.8N;0182146.7E;57.65688;18.36298;;;;219;FT;61;FT;;OTHER;;OTHER;;;TREE;POINT;ROUTINE;;;;;COMPLETED;;179
ESSV1774;;OTHER;574043.4N;0182156.8E;57.67874;18.36578;;;;209;FT;75;FT;;OTHER;;OTHER;;;TREE;POINT;ROUTINE;;;;;COMPLETED;;179
ESSV1779;;OTHER;574019.0N;0182138.2E;57.67194;18.3606;;;;191;FT;62;FT;;OTHER;;OTHER;;;TREE;POINT;ROUTINE;;;;;COMPLETED;;179
ESSV1710;;OTHER;573951.5N;0182005.0E;57.66429;18.33472;;;;191;FT;52;FT;;OTHER;;OTHER;;;TREE;POINT;ROUTINE;;;;;COMPLETED;;179
ESSV2106;;OTHER;574042.5N;0182045.7E;57.67848;18.34602;;;;192;FT;65;FT;;OTHER;;OTHER;;;TREE;POINT;ROUTINE;;;;;COMPLETED;;179
ESSV2132;;OTHER;574030.8N;0182042.0E;57.67522;18.345;;;;181;FT;53;FT;;OTHER;;OTHER;;;TREE;POINT;ROUTINE;;;;;COMPLETED;;179
STORA VIKERS-44133;10;M;574937.3N;0184924.3E;57.82704;18.82341;0.3;Seconds;;610;FT;492;FT;5;M;5;M;1;M;WINDMILL;POINT;ROUTINE;20130828;Y;FLGR;;COMPLETED;;179
ESSV1963;;OTHER;573915.5N;0181908.9E;57.6543;18.31914;;;;182;FT;48;FT;;OTHER;;OTHER;;;TREE;POINT;ROUTINE;;;;;COMPLETED;;179
ESSV2047;;OTHER;573914.7N;0181913.6E;57.65407;18.32045;;;;182;FT;42;FT;;OTHER;;OTHER;;;TREE;POINT;ROUTINE;;;;;COMPLETED;;179
ESSV1962;;OTHER;573915.9N;0181906.9E;57.6544;18.31857;;;;184;FT;52;FT;;OTHER;;OTHER;;;TREE;POINT;ROUTINE;;;;;COMPLETED;;179
ESSV2019;;OTHER;573859.4N;0181923.8E;57.64984;18.32327;;;;168;FT;19;FT;;OTHER;;OTHER;;;TREE;POINT;ROUTINE;;;;;COMPLETED;;179
ESSV865;;OTHER;573901.6N;0181858.6E;57.65043;18.31627;;;;179;FT;35;FT;;OTHER;;OTHER;;;POLE;POINT;ROUTINE;;;;;COMPLETED;;179
ESSV812;;OTHER;573836.2N;0182007.8E;57.64338;18.33549;;;;193;FT;28;FT;;OTHER;;OTHER;;;POLE;POINT;ROUTINE;;;;;COMPLETED;;179
ESSV824;;OTHER;573839.9N;0182000.3E;57.6444;18.33343;;;;198;FT;42;FT;;OTHER;;OTHER;;;POLE;POINT;ROUTINE;;;;;COMPLETED;;179
ESSV623;;OTHER;573727.3N;0181910.7E;57.62426;18.31965;;;;309;FT;130;FT;;OTHER;;OTHER;;;STACK;POINT;ROUTINE;;;;;COMPLETED;;179
VISBY-34090;10;M;573846.8N;0181922.6E;57.64633;18.32294;0.3;Seconds;;286;FT;118;FT;5;M;5;M;1;M;ANTENNA;POINT;ROUTINE;20250121;N;;;COMPLETED;;179
ESSV1647;;OTHER;573838.9N;0182218.5E;57.64413;18.37182;;;;286;FT;108;FT;;OTHER;;OTHER;;;TREE;POINT;ROUTINE;;;;;COMPLETED;;179
ESSV695;;OTHER;573752.1N;0182108.9E;57.63113;18.35248;;;;287;FT;80;FT;;OTHER;;OTHER;;;ANTENNA;POINT;ROUTINE;;;;;COMPLETED;;179
ESSV2045;;OTHER;573910.8N;0181909.5E;57.65301;18.3193;;;;188;FT;44;FT;;OTHER;;OTHER;;;TREE;POINT;ROUTINE;;;;;COMPLETED;;179
ESSV2072;;OTHER;573904.4N;0181935.4E;57.65123;18.32651;;;;157;FT;17;FT;;OTHER;;OTHER;;;VEGETATION;POINT;ROUTINE;;;;;COMPLETED;;179
ESSV1973;;OTHER;573910.2N;0181902.6E;57.65283;18.31738;;;;176;FT;38;FT;;OTHER;;OTHER;;;TREE;POINT;ROUTINE;;;;;COMPLETED;;179
ESSV459;;OTHER;573902.4N;0181903.3E;57.65065;18.31758;;;;175;FT;31;FT;;OTHER;;OTHER;;;POLE;POINT;ROUTINE;;;;;COMPLETED;;179
ESSV2043;;OTHER;573909.6N;0181908.3E;57.65267;18.31896;;;;191;FT;46;FT;;OTHER;;OTHER;;;TREE;POINT;ROUTINE;;;;;COMPLETED;;179
ESSV2042;;OTHER;573909.3N;0181909.0E;57.65259;18.31915;;;;185;FT;41;FT;;OTHER;;OTHER;;;TREE;POINT;ROUTINE;;;;;COMPLETED;;179
ESSV207;;OTHER;573908.6N;0181909.3E;57.6524;18.31926;;;;169;FT;28;FT;;OTHER;;OTHER;;;BUILDING;POINT;ROUTINE;;;;;COMPLETED;;179
ESSV1982;;OTHER;573906.5N;0181908.2E;57.65181;18.31895;;;;178;FT;41;FT;;OTHER;;OTHER;;;TREE;POINT;ROUTINE;;;;;COMPLETED;;179
ESSV1989;;OTHER;573903.5N;0181911.5E;57.65096;18.31987;;;;176;FT;37;FT;;OTHER;;OTHER;;;TREE;POINT;ROUTINE;;;;;COMPLETED;;179
ESSV187;;OTHER;573857.6N;0182114.7E;57.64934;18.35409;;;;190;FT;21;FT;;OTHER;;OTHER;;;BUILDING;POINT;ROUTINE;;;;;COMPLETED;;179
ESSV1353;;OTHER;573858.1N;0182110.9E;57.64947;18.35302;;;;198;FT;28;FT;;OTHER;;OTHER;;;TREE;POINT;ROUTINE;;;;;COMPLETED;;179
ESSV1415;;OTHER;573857.3N;0182103.1E;57.64924;18.35086;;;;180;FT;11;FT;;OTHER;;OTHER;;;VEGETATION;POINT;ROUTINE;;;;;COMPLETED;;179
ESSV188;;OTHER;573857.1N;0182114.9E;57.64919;18.35413;;;;190;FT;22;FT;;OTHER;;OTHER;;;BUILDING;POINT;ROUTINE;;;;;COMPLETED;;179
ESSV1357;;OTHER;573857.5N;0182111.4E;57.6493;18.35317;;;;190;FT;19;FT;;OTHER;;OTHER;;;TREE;POINT;ROUTINE;;;;;COMPLETED;;179
ESSV1363;;OTHER;573855.3N;0182108.0E;57.64869;18.35221;;;;193;FT;23;FT;;OTHER;;OTHER;;;TREE;POINT;ROUTINE;;;;;COMPLETED;;179
ESSV1379;;OTHER;573850.0N;0182111.9E;57.64722;18.3533;;;;213;FT;37;FT;;OTHER;;OTHER;;;TREE;POINT;ROUTINE;;;;;COMPLETED;;179
ESSV1388;;OTHER;573848.9N;0182137.3E;57.64692;18.36036;;;;234;FT;67;FT;;OTHER;;OTHER;;;TREE;POINT;ROUTINE;;;;;COMPLETED;;179
ESSV713;;OTHER;573854.6N;0182116.8E;57.64849;18.35466;;;;198;FT;29;FT;;OTHER;;OTHER;;;BUILDING;POINT;ROUTINE;;;;;COMPLETED;;179
ESSV1649;;OTHER;573851.9N;0182200.1E;57.64774;18.3667;;;;238;FT;72;FT;;OTHER;;OTHER;;;TREE;POINT;ROUTINE;;;;;COMPLETED;;179
ESSV1011;;OTHER;573843.6N;0182017.6E;57.64544;18.33823;;;;208;FT;49;FT;;OTHER;;OTHER;;;TREE;POINT;ROUTINE;;;;;COMPLETED;;179
ESSV221;;OTHER;574007.4N;0182109.3E;57.66871;18.35259;;;;148;FT;14;FT;;OTHER;;OTHER;;;NAVAID;POINT;ROUTINE;;;;;COMPLETED;;179
ESSV523;;OTHER;574005.0N;0182108.1E;57.66807;18.35226;;;;167;FT;32;FT;;OTHER;;OTHER;;;NAVAID;POINT;ROUTINE;;;;;COMPLETED;;179
ESSV1231;;OTHER;573852.3N;0182049.0E;57.64786;18.34695;;;;217;FT;52;FT;;OTHER;;OTHER;;;TREE;POINT;ROUTINE;;;;;COMPLETED;;179
ESSV938;;OTHER;573843.3N;0181942.7E;57.64536;18.32852;;;;187;FT;38;FT;;OTHER;;OTHER;;;TREE;POINT;ROUTINE;;;;;COMPLETED;;179
ESSV625;;OTHER;573813.5N;0182002.4E;57.63707;18.33399;;;;237;FT;68;FT;;OTHER;;OTHER;;;POLE;POINT;ROUTINE;;;;;COMPLETED;;179
ESSV1828;;OTHER;573913.2N;0182058.1E;57.65367;18.34948;;;;205;FT;55;FT;;OTHER;;OTHER;;;TREE;POINT;ROUTINE;;;;;COMPLETED;;179
ESSV1162;;OTHER;573912.4N;0182056.1E;57.65344;18.34891;;;;203;FT;53;FT;;OTHER;;OTHER;;;TREE;POINT;ROUTINE;;;;;COMPLETED;;179
ESSV1204;;OTHER;573842.3N;0182117.5E;57.64509;18.35487;;;;231;FT;61;FT;;OTHER;;OTHER;;;TREE;POINT;ROUTINE;;;;;COMPLETED;;179
ESSV1660;;OTHER;573936.8N;0182006.8E;57.66022;18.33521;;;;197;FT;57;FT;;OTHER;;OTHER;;;TREE;POINT;ROUTINE;;;;;COMPLETED;;179
ESSV840;;OTHER;573810.1N;0182013.6E;57.63614;18.33711;;;;242;FT;67;FT;;OTHER;;OTHER;;;OTHER;POINT;ROUTINE;;;;;COMPLETED;;179
ESSV1240;;OTHER;573851.5N;0182047.2E;57.64763;18.34645;;;;230;FT;65;FT;;OTHER;;OTHER;;;TREE;POINT;ROUTINE;;;;;COMPLETED;;179
ESSV829;;OTHER;573912.1N;0182135.7E;57.65337;18.3599;;;;239;FT;70;FT;;OTHER;;OTHER;;;ANTENNA;POINT;ROUTINE;;;;;COMPLETED;;179
ESSV1807;;OTHER;573902.6N;0182225.6E;57.65071;18.37377;;;;247;FT;78;FT;;OTHER;;OTHER;;;TREE;POINT;ROUTINE;;;;;COMPLETED;;179
ESSV1028;;OTHER;573827.1N;0182016.3E;57.64085;18.33787;;;;241;FT;72;FT;;OTHER;;OTHER;;;TREE;POINT;ROUTINE;;;;;COMPLETED;;179
ESSV839;;OTHER;573809.9N;0182013.9E;57.63609;18.3372;;;;239;FT;63;FT;;OTHER;;OTHER;;;OTHER;POINT;ROUTINE;;;;;COMPLETED;;179
ESSV825;;OTHER;573811.2N;0182012.2E;57.63644;18.33673;;;;223;FT;54;FT;;OTHER;;OTHER;;;POLE;POINT;ROUTINE;;;;;COMPLETED;;179
ESSV1074;;OTHER;573837.3N;0182044.8E;57.64369;18.34578;;;;220;FT;51;FT;;OTHER;;OTHER;;;TREE;POINT;ROUTINE;;;;;COMPLETED;;179
ESSV1958;;OTHER;573916.9N;0181904.7E;57.65468;18.31798;;;;183;FT;54;FT;;OTHER;;OTHER;;;TREE;POINT;ROUTINE;;;;;COMPLETED;;179
ESSV2024;;OTHER;573854.7N;0181853.0E;57.64852;18.31472;;;;208;FT;63;FT;;OTHER;;OTHER;;;TREE;POINT;ROUTINE;;;;;COMPLETED;;179
VISBY-123930;10;M;573831.8N;0181919.5E;57.64217;18.32208;0.3;Seconds;;272;FT;118;FT;5;M;5;M;1;M;ANTENNA;POINT;ROUTINE;;Y;FR;;COMPLETED;;179
ESSV1077;;OTHER;573841.5N;0182046.2E;57.64486;18.34617;;;;217;FT;50;FT;;OTHER;;OTHER;;;TREE;POINT;ROUTINE;;;;;COMPLETED;;179
ESSV1241;;OTHER;573851.6N;0182046.7E;57.64768;18.34629;;;;228;FT;63;FT;;OTHER;;OTHER;;;TREE;POINT;ROUTINE;;;;;COMPLETED;;179
ESSV173;;OTHER;574006.7N;0182000.0E;57.66854;18.33333;;;;235;FT;136;FT;;OTHER;;OTHER;;;ANTENNA;POINT;ROUTINE;;;;;COMPLETED;;179
ESSV172;;OTHER;574006.6N;0181959.5E;57.66849;18.3332;;;;236;FT;137;FT;;OTHER;;OTHER;;;ANTENNA;POINT;ROUTINE;;;;;COMPLETED;;179
ESSV1689;;OTHER;574003.2N;0182020.9E;57.66756;18.33913;;;;187;FT;52;FT;;OTHER;;OTHER;;;TREE;POINT;ROUTINE;;;;;COMPLETED;;179
ESSV2189;;OTHER;574015.9N;0182027.3E;57.67109;18.34091;;;;182;FT;51;FT;;OTHER;;OTHER;;;TREE;POINT;ROUTINE;;;;;COMPLETED;;179
ESSV2234;;OTHER;574036.1N;0182027.4E;57.6767;18.34094;;;;189;FT;61;FT;;OTHER;;OTHER;;;TREE;POINT;ROUTINE;;;;;COMPLETED;;179
ESSV2151;;OTHER;574033.2N;0182027.4E;57.67588;18.34095;;;;189;FT;60;FT;;OTHER;;OTHER;;;TREE;POINT;ROUTINE;;;;;COMPLETED;;179
ESSV1902;;OTHER;574007.5N;0182016.0E;57.66875;18.33777;;;;190;FT;55;FT;;OTHER;;OTHER;;;TREE;POINT;ROUTINE;;;;;COMPLETED;;179
ESSV2219;;OTHER;574005.6N;0182026.5E;57.66822;18.34069;;;;189;FT;55;FT;;OTHER;;OTHER;;;TREE;POINT;ROUTINE;;;;;COMPLETED;;179
ESSV1913;;OTHER;573944.4N;0182009.5E;57.66233;18.33597;;;;188;FT;51;FT;;OTHER;;OTHER;;;TREE;POINT;ROUTINE;;;;;COMPLETED;;179
ESSV1234;;OTHER;573851.8N;0182050.2E;57.64773;18.34728;;;;212;FT;48;FT;;OTHER;;OTHER;;;TREE;POINT;ROUTINE;;;;;COMPLETED;;179
ESSV1225;;OTHER;573851.1N;0182059.1E;57.64753;18.34974;;;;201;FT;29;FT;;OTHER;;OTHER;;;TREE;POINT;ROUTINE;;;;;COMPLETED;;179
ESSV192;;OTHER;573851.0N;0182056.5E;57.6475;18.34903;;;;198;FT;27;FT;;OTHER;;OTHER;;;POLE;POINT;ROUTINE;;;;;COMPLETED;;179
ESSV1564;;OTHER;574044.2N;0182201.2E;57.67894;18.367;;;;213;FT;79;FT;;OTHER;;OTHER;;;TREE;POINT;ROUTINE;;;;;COMPLETED;;179
ESSV1780;;OTHER;574022.2N;0182148.2E;57.67283;18.3634;;;;201;FT;72;FT;;OTHER;;OTHER;;;TREE;POINT;ROUTINE;;;;;COMPLETED;;179
ESSV1122;;OTHER;573935.9N;0182143.8E;57.65997;18.36216;;;;202;FT;59;FT;;OTHER;;OTHER;;;TREE;POINT;ROUTINE;;;;;COMPLETED;;179
ESSV1834;;OTHER;573956.3N;0182227.8E;57.66565;18.37439;;;;208;FT;77;FT;;OTHER;;OTHER;;;TREE;POINT;ROUTINE;;;;;COMPLETED;;179
ESSV1630;;OTHER;573933.0N;0182145.8E;57.65916;18.36271;;;;209;FT;63;FT;;OTHER;;OTHER;;;TREE;POINT;ROUTINE;;;;;COMPLETED;;179
ESSV1106;;OTHER;574006.0N;0182134.2E;57.66834;18.3595;;;;190;FT;59;FT;;OTHER;;OTHER;;;TREE;POINT;ROUTINE;;;;;COMPLETED;;179
ESSV1574;;OTHER;574017.8N;0182136.9E;57.6716;18.36025;;;;192;FT;63;FT;;OTHER;;OTHER;;;TREE;POINT;ROUTINE;;;;;COMPLETED;;179
ESSV1853;;OTHER;573930.1N;0182120.2E;57.65836;18.3556;;;;200;FT;55;FT;;OTHER;;OTHER;;;TREE;POINT;ROUTINE;;;;;COMPLETED;;179
ESSV1638;;OTHER;573930.4N;0182121.0E;57.65845;18.35583;;;;200;FT;56;FT;;OTHER;;OTHER;;;TREE;POINT;ROUTINE;;;;;COMPLETED;;179
ESSV1851;;OTHER;573927.0N;0182148.8E;57.65751;18.36355;;;;213;FT;57;FT;;OTHER;;OTHER;;;TREE;POINT;ROUTINE;;;;;COMPLETED;;179
ESSV1846;;OTHER;573929.6N;0182158.4E;57.65821;18.36621;;;;212;FT;53;FT;;OTHER;;OTHER;;;TREE;POINT;ROUTINE;;;;;COMPLETED;;179
ESSV1397;;OTHER;573858.9N;0182121.4E;57.6497;18.35593;;;;217;FT;51;FT;;OTHER;;OTHER;;;TREE;POINT;ROUTINE;;;;;COMPLETED;;179
ESSV1114;;OTHER;574044.7N;0182159.5E;57.67908;18.36653;;;;213;FT;79;FT;;OTHER;;OTHER;;;TREE;POINT;ROUTINE;;;;;COMPLETED;;179
ESSV1593;;OTHER;573955.0N;0182131.4E;57.66529;18.35873;;;;187;FT;54;FT;;OTHER;;OTHER;;;TREE;POINT;ROUTINE;;;;;COMPLETED;;179
ESSV1803;;OTHER;573909.8N;0182225.4E;57.65272;18.37371;;;;231;FT;65;FT;;OTHER;;OTHER;;;TREE;POINT;ROUTINE;;;;;COMPLETED;;179
ESSV1809;;OTHER;573908.2N;0182159.9E;57.65227;18.36664;;;;220;FT;52;FT;;OTHER;;OTHER;;;TREE;POINT;ROUTINE;;;;;COMPLETED;;179
ESSV1808;;OTHER;573909.2N;0182201.3E;57.65256;18.36703;;;;221;FT;52;FT;;OTHER;;OTHER;;;TREE;POINT;ROUTINE;;;;;COMPLETED;;179
ESSV1115;;OTHER;574002.6N;0182119.4E;57.6674;18.35538;;;;181;FT;50;FT;;OTHER;;OTHER;;;TREE;POINT;ROUTINE;;;;;COMPLETED;;179
ESSV1707;;OTHER;573951.7N;0181958.6E;57.66436;18.33294;;;;193;FT;51;FT;;OTHER;;OTHER;;;TREE;POINT;ROUTINE;;;;;COMPLETED;;179
FOLE STORA SOJDEBY-119298;10;M;573847.1N;0183555.4E;57.6464;18.59871;0.3;Seconds;;620;FT;492;FT;5;M;5;M;1;M;WINDMILL;POINT;ROUTINE;20260331;Y;FLGR;;COMPLETED;;179
ESSV629;;OTHER;573914.8N;0181914.7E;57.65412;18.32075;;;;174;FT;31;FT;;OTHER;;OTHER;;;STACK;POINT;ROUTINE;;;;;COMPLETED;;179
ESSV2028;;OTHER;573901.1N;0181915.0E;57.6503;18.32082;;;;174;FT;30;FT;;OTHER;;OTHER;;;TREE;POINT;ROUTINE;;;;;COMPLETED;;179
ESSV841;;OTHER;573822.3N;0182005.5E;57.63953;18.33487;;;;239;FT;70;FT;;OTHER;;OTHER;;;POLE;POINT;ROUTINE;;;;;COMPLETED;;179
ESSV611;;OTHER;573824.6N;0182002.8E;57.64016;18.33411;;;;210;FT;43;FT;;OTHER;;OTHER;;;POLE;POINT;ROUTINE;;;;;COMPLETED;;179
ESSV811;;OTHER;573821.9N;0182004.0E;57.63942;18.33444;;;;211;FT;42;FT;;OTHER;;OTHER;;;POLE;POINT;ROUTINE;;;;;COMPLETED;;179
ESSV1817;;OTHER;573839.3N;0182217.3E;57.64424;18.37148;;;;297;FT;119;FT;;OTHER;;OTHER;;;TREE;POINT;ROUTINE;;;;;COMPLETED;;179
ESSV1818;;OTHER;573837.7N;0182216.4E;57.64381;18.37122;;;;293;FT;114;FT;;OTHER;;OTHER;;;TREE;POINT;ROUTINE;;;;;COMPLETED;;179
ESSV1975;;OTHER;573910.0N;0181908.6E;57.65277;18.31906;;;;187;FT;43;FT;;OTHER;;OTHER;;;TREE;POINT;ROUTINE;;;;;COMPLETED;;179
ESSV2071;;OTHER;573907.5N;0181937.3E;57.65208;18.32704;;;;156;FT;15;FT;;OTHER;;OTHER;;;VEGETATION;POINT;ROUTINE;;;;;COMPLETED;;179
ESSV1969;;OTHER;573913.2N;0181910.1E;57.65366;18.31948;;;;179;FT;39;FT;;OTHER;;OTHER;;;TREE;POINT;ROUTINE;;;;;COMPLETED;;179
ESSV416;;OTHER;573908.5N;0181909.3E;57.65236;18.31925;;;;169;FT;27;FT;;OTHER;;OTHER;;;STACK;POINT;ROUTINE;;;;;COMPLETED;;179
ESSV1976;;OTHER;573910.2N;0181922.2E;57.65285;18.32283;;;;180;FT;36;FT;;OTHER;;OTHER;;;TREE;POINT;ROUTINE;;;;;COMPLETED;;179
ESSV206;;OTHER;573908.2N;0181905.7E;57.65229;18.31826;;;;176;FT;32;FT;;OTHER;;OTHER;;;POLE;POINT;ROUTINE;;;;;COMPLETED;;179
ESSV2037;;OTHER;573904.6N;0181857.6E;57.65127;18.316;;;;193;FT;50;FT;;OTHER;;OTHER;;;TREE;POINT;ROUTINE;;;;;COMPLETED;;179
ESSV2030;;OTHER;573901.7N;0181912.6E;57.65049;18.32018;;;;168;FT;29;FT;;OTHER;;OTHER;;;TREE;POINT;ROUTINE;;;;;COMPLETED;;179
ESSV184;;OTHER;573859.4N;0182057.8E;57.64983;18.34938;;;;186;FT;21;FT;;OTHER;;OTHER;;;ANTENNA;POINT;ROUTINE;;;;;COMPLETED;;179
ESSV888;;OTHER;573856.6N;0182110.2E;57.64906;18.35285;;;;195;FT;26;FT;;OTHER;;OTHER;;;BUILDING;POINT;ROUTINE;;;;;COMPLETED;;179
ESSV1381;;OTHER;573852.5N;0182102.4E;57.64791;18.35066;;;;191;FT;18;FT;;OTHER;;OTHER;;;TREE;POINT;ROUTINE;;;;;COMPLETED;;179
ESSV1358;;OTHER;573856.4N;0182111.4E;57.64899;18.35315;;;;196;FT;26;FT;;OTHER;;OTHER;;;TREE;POINT;ROUTINE;;;;;COMPLETED;;179
ESSV1374;;OTHER;573853.3N;0182108.5E;57.64814;18.35236;;;;196;FT;25;FT;;OTHER;;OTHER;;;TREE;POINT;ROUTINE;;;;;COMPLETED;;179
ESSV1378;;OTHER;573850.4N;0182113.1E;57.64733;18.35364;;;;215;FT;45;FT;;OTHER;;OTHER;;;TREE;POINT;ROUTINE;;;;;COMPLETED;;179
ESSV1432;;OTHER;573852.8N;0182059.2E;57.648;18.34979;;;;183;FT;11;FT;;OTHER;;OTHER;;;VEGETATION;POINT;ROUTINE;;;;;COMPLETED;;179
ESSV190;;OTHER;573855.8N;0182116.7E;57.64883;18.35463;;;;198;FT;29;FT;;OTHER;;OTHER;;;BUILDING;POINT;ROUTINE;;;;;COMPLETED;;179
ESSV1362;;OTHER;573855.0N;0182123.5E;57.6486;18.35653;;;;210;FT;45;FT;;OTHER;;OTHER;;;TREE;POINT;ROUTINE;;;;;COMPLETED;;179
ESSV1644;;OTHER;573853.7N;0182220.9E;57.64824;18.37247;;;;238;FT;71;FT;;OTHER;;OTHER;;;TREE;POINT;ROUTINE;;;;;COMPLETED;;179
ESSV1646;;OTHER;573850.8N;0182216.7E;57.64745;18.37131;;;;255;FT;87;FT;;OTHER;;OTHER;;;TREE;POINT;ROUTINE;;;;;COMPLETED;;179
ESSV1812;;OTHER;573854.1N;0182211.8E;57.64836;18.36994;;;;258;FT;91;FT;;OTHER;;OTHER;;;TREE;POINT;ROUTINE;;;;;COMPLETED;;179
ESSV901;;OTHER;573852.8N;0182044.1E;57.648;18.34557;;;;182;FT;20;FT;;OTHER;;OTHER;;;BUILDING;POINT;ROUTINE;;;;;COMPLETED;;179
ESSV1492;;OTHER;574024.0N;0182123.6E;57.67333;18.35655;;;;152;FT;19;FT;;OTHER;;OTHER;;;TREE;POINT;ROUTINE;;;;;COMPLETED;;179
ESSV936;;OTHER;573837.3N;0181937.0E;57.6437;18.32694;;;;195;FT;41;FT;;OTHER;;OTHER;;;TREE;POINT;ROUTINE;;;;;COMPLETED;;179
ESSV43;;OTHER;573833.2N;0181932.6E;57.64256;18.32571;;;;210;FT;54;FT;;OTHER;;OTHER;;;POLE;POINT;ROUTINE;;;;;COMPLETED;;179
VISBY-22803;10;M;573633.2N;0182035.1E;57.60921;18.34308;0.3;Seconds;;434;FT;200;FT;5;M;5;M;1;M;ANTENNA;POINT;ROUTINE;20250121;Y;FR;;COMPLETED;;179
ESSV1149;;OTHER;573916.5N;0182056.3E;57.65459;18.34898;;;;196;FT;50;FT;;OTHER;;OTHER;;;TREE;POINT;ROUTINE;;;;;COMPLETED;;179
ESSV1164;;OTHER;573912.0N;0182056.5E;57.65335;18.34902;;;;201;FT;51;FT;;OTHER;;OTHER;;;TREE;POINT;ROUTINE;;;;;COMPLETED;;179
ESSV1202;;OTHER;573845.0N;0182116.5E;57.64583;18.35458;;;;233;FT;64;FT;;OTHER;;OTHER;;;TREE;POINT;ROUTINE;;;;;COMPLETED;;179
ESSV1200;;OTHER;573844.8N;0182118.7E;57.64578;18.35519;;;;237;FT;68;FT;;OTHER;;OTHER;;;TREE;POINT;ROUTINE;;;;;COMPLETED;;179
ESSV1659;;OTHER;573936.8N;0182008.3E;57.66021;18.33565;;;;197;FT;56;FT;;OTHER;;OTHER;;;TREE;POINT;ROUTINE;;;;;COMPLETED;;179
ESSV530;;OTHER;573939.2N;0182020.9E;57.6609;18.33914;;;;211;FT;71;FT;;OTHER;;OTHER;;;POLE;POINT;ROUTINE;;;;;COMPLETED;;179
ESSV1921;;OTHER;573938.9N;0181956.3E;57.6608;18.33231;;;;195;FT;53;FT;;OTHER;;OTHER;;;TREE;POINT;ROUTINE;;;;;COMPLETED;;179
ESSV628;;OTHER;573758.9N;0182007.5E;57.63303;18.33541;;;;246;FT;69;FT;;OTHER;;OTHER;;;STACK;POINT;ROUTINE;;;;;COMPLETED;;179
ESSV1821;;OTHER;573902.4N;0182127.3E;57.65067;18.35758;;;;218;FT;53;FT;;OTHER;;OTHER;;;TREE;POINT;ROUTINE;;;;;COMPLETED;;179
ESSV1804;;OTHER;573907.6N;0182225.8E;57.6521;18.37383;;;;243;FT;77;FT;;OTHER;;OTHER;;;TREE;POINT;ROUTINE;;;;;COMPLETED;;179
ESSV1209;;OTHER;573833.6N;0182121.2E;57.64266;18.35589;;;;245;FT;69;FT;;OTHER;;OTHER;;;TREE;POINT;ROUTINE;;;;;COMPLETED;;179
ESSV2056;;OTHER;573922.6N;0181914.6E;57.65627;18.32072;;;;196;FT;63;FT;;OTHER;;OTHER;;;TREE;POINT;ROUTINE;;;;;COMPLETED;;179
ESSV6;;OTHER;573816.1N;0181837.6E;57.63782;18.31043;;;;250;FT;100;FT;;OTHER;;OTHER;;;ANTENNA;POINT;ROUTINE;;;;;COMPLETED;;179
ESSV1319;;OTHER;573912.7N;0182100.8E;57.65353;18.35022;;;;199;FT;50;FT;;OTHER;;OTHER;;;TREE;POINT;ROUTINE;;;;;COMPLETED;;179
ESSV2221;;OTHER;574004.8N;0182026.5E;57.66801;18.3407;;;;184;FT;50;FT;;OTHER;;OTHER;;;TREE;POINT;ROUTINE;;;;;COMPLETED;;179
ESSV1901;;OTHER;574003.9N;0182018.2E;57.66774;18.33838;;;;188;FT;52;FT;;OTHER;;OTHER;;;TREE;POINT;ROUTINE;;;;;COMPLETED;;179
ESSV1889;;OTHER;574005.3N;0182026.9E;57.66813;18.34082;;;;185;FT;50;FT;;OTHER;;OTHER;;;TREE;POINT;ROUTINE;;;;;COMPLETED;;179
ESSV1711;;OTHER;573951.2N;0182006.3E;57.66423;18.33507;;;;191;FT;52;FT;;OTHER;;OTHER;;;TREE;POINT;ROUTINE;;;;;COMPLETED;;179
ESSV1713;;OTHER;573950.2N;0182006.6E;57.66394;18.33518;;;;192;FT;54;FT;;OTHER;;OTHER;;;TREE;POINT;ROUTINE;;;;;COMPLETED;;179
ESSV1912;;OTHER;573944.2N;0182010.3E;57.66229;18.33619;;;;188;FT;51;FT;;OTHER;;OTHER;;;TREE;POINT;ROUTINE;;;;;COMPLETED;;179
ESSV1348;;OTHER;573859.7N;0182113.1E;57.6499;18.35363;;;;201;FT;33;FT;;OTHER;;OTHER;;;TREE;POINT;ROUTINE;;;;;COMPLETED;;179
ESSV1658;;OTHER;573937.1N;0182011.3E;57.66032;18.33646;;;;190;FT;51;FT;;OTHER;;OTHER;;;TREE;POINT;ROUTINE;;;;;COMPLETED;;179
ESSV1730;;OTHER;573943.1N;0181954.2E;57.66198;18.33172;;;;195;FT;52;FT;;OTHER;;OTHER;;;TREE;POINT;ROUTINE;;;;;COMPLETED;;179
ESSV1563;;OTHER;574043.5N;0182159.9E;57.67874;18.36664;;;;214;FT;81;FT;;OTHER;;OTHER;;;TREE;POINT;ROUTINE;;;;;COMPLETED;;179
ESSV1117;;OTHER;574044.0N;0182208.1E;57.67888;18.36891;;;;217;FT;84;FT;;OTHER;;OTHER;;;TREE;POINT;ROUTINE;;;;;COMPLETED;;179
ESSV1617;;OTHER;573936.5N;0182201.3E;57.66015;18.36702;;;;212;FT;67;FT;;OTHER;;OTHER;;;TREE;POINT;ROUTINE;;;;;COMPLETED;;179
ESSV1794;;OTHER;573940.7N;0182213.3E;57.6613;18.37035;;;;209;FT;66;FT;;OTHER;;OTHER;;;TREE;POINT;ROUTINE;;;;;COMPLETED;;179
ESSV1836;;OTHER;573943.2N;0182217.8E;57.662;18.37161;;;;218;FT;76;FT;;OTHER;;OTHER;;;TREE;POINT;ROUTINE;;;;;COMPLETED;;179
ESSV1621;;OTHER;573935.0N;0182157.5E;57.65972;18.36598;;;;225;FT;79;FT;;OTHER;;OTHER;;;TREE;POINT;ROUTINE;;;;;COMPLETED;;179
ESSV1776;;OTHER;574022.0N;0182131.9E;57.67277;18.35886;;;;183;FT;52;FT;;OTHER;;OTHER;;;TREE;POINT;ROUTINE;;;;;COMPLETED;;179
ESSV1852;;OTHER;573931.3N;0182121.6E;57.6587;18.35601;;;;198;FT;55;FT;;OTHER;;OTHER;;;TREE;POINT;ROUTINE;;;;;COMPLETED;;179
ESSV1850;;OTHER;573928.1N;0182147.8E;57.6578;18.36327;;;;211;FT;57;FT;;OTHER;;OTHER;;;TREE;POINT;ROUTINE;;;;;COMPLETED;;179
ESSV1633;;OTHER;573923.6N;0182146.0E;57.65656;18.36277;;;;212;FT;52;FT;;OTHER;;OTHER;;;TREE;POINT;ROUTINE;;;;;COMPLETED;;179
ESSV1399;;OTHER;573900.3N;0182122.6E;57.6501;18.35628;;;;207;FT;43;FT;;OTHER;;OTHER;;;TREE;POINT;ROUTINE;;;;;COMPLETED;;179
ESSV2233;;OTHER;574033.9N;0182028.9E;57.67608;18.34137;;;;187;FT;59;FT;;OTHER;;OTHER;;;TREE;POINT;ROUTINE;;;;;COMPLETED;;179
ESSV1560;;OTHER;574042.6N;0182156.5E;57.67849;18.36569;;;;213;FT;79;FT;;OTHER;;OTHER;;;TREE;POINT;ROUTINE;;;;;COMPLETED;;179
ESSV1652;;OTHER;573845.6N;0182122.6E;57.646;18.35628;;;;250;FT;81;FT;;OTHER;;OTHER;;;TREE;POINT;ROUTINE;;;;;COMPLETED;;179
ESSV2180;;OTHER;574015.2N;0182036.4E;57.67089;18.34344;;;;184;FT;51;FT;;OTHER;;OTHER;;;TREE;POINT;ROUTINE;;;;;COMPLETED;;179
ESSV2124;;OTHER;574031.6N;0182045.5E;57.67544;18.34597;;;;177;FT;49;FT;;OTHER;;OTHER;;;TREE;POINT;ROUTINE;;;;;COMPLETED;;179
ESSV2133;;OTHER;574030.7N;0182041.5E;57.6752;18.34487;;;;177;FT;49;FT;;OTHER;;OTHER;;;TREE;POINT;ROUTINE;;;;;COMPLETED;;179
IRE-2227;10;M;574917.2N;0183627.1E;57.82144;18.60752;0.3;Seconds;;507;FT;423;FT;5;M;5;M;1;M;ANTENNA;POINT;ROUTINE;20250121;Y;FR;;COMPLETED;;179
VISBY C-3898;10;M;573902.8N;0181830.7E;57.65077;18.30853;0.3;Seconds;;223;FT;82;FT;5;M;5;M;1;M;ANTENNA;POINT;ROUTINE;20250121;Y;FR;;COMPLETED;;179
ESSV1966;;OTHER;573914.0N;0181910.1E;57.6539;18.31947;;;;179;FT;41;FT;;OTHER;;OTHER;;;TREE;POINT;ROUTINE;;;;;COMPLETED;;179
ESSV1990;;OTHER;573901.6N;0181910.1E;57.65044;18.31947;;;;179;FT;37;FT;;OTHER;;OTHER;;;TREE;POINT;ROUTINE;;;;;COMPLETED;;179
ESSV204;;OTHER;573902.8N;0181830.7E;57.65076;18.30853;;;;226;FT;84;FT;;OTHER;;OTHER;;;ANTENNA;POINT;ROUTINE;;;;;COMPLETED;;179
ESSV35;;OTHER;573831.6N;0182002.8E;57.64211;18.3341;;;;201;FT;35;FT;;OTHER;;OTHER;;;POLE;POINT;ROUTINE;;;;;COMPLETED;;179
ESSV735;;OTHER;573811.2N;0181955.8E;57.63646;18.33215;;;;236;FT;66;FT;;OTHER;;OTHER;;;POLE;POINT;ROUTINE;;;;;COMPLETED;;179
ESSV977;;OTHER;573826.6N;0181937.5E;57.64071;18.32708;;;;209;FT;45;FT;;OTHER;;OTHER;;;TREE;POINT;ROUTINE;;;;;COMPLETED;;179
ESSV37;;OTHER;573829.0N;0181946.8E;57.64138;18.32966;;;;207;FT;42;FT;;OTHER;;OTHER;;;POLE;POINT;ROUTINE;;;;;COMPLETED;;179
ESSV799;;OTHER;573806.9N;0182222.8E;57.63526;18.373;;;;292;FT;86;FT;;OTHER;;OTHER;;;STACK;POINT;ROUTINE;;;;;COMPLETED;;179
ESSV1972;;OTHER;573911.3N;0181906.8E;57.65315;18.31856;;;;172;FT;33;FT;;OTHER;;OTHER;;;TREE;POINT;ROUTINE;;;;;COMPLETED;;179
ESSV863;;OTHER;573913.2N;0181910.7E;57.65368;18.31964;;;;176;FT;36;FT;;OTHER;;OTHER;;;POLE;POINT;ROUTINE;;;;;COMPLETED;;179
ESSV2025;;OTHER;573903.8N;0181934.0E;57.65107;18.3261;;;;160;FT;19;FT;;OTHER;;OTHER;;;TREE;POINT;ROUTINE;;;;;COMPLETED;;179
ESSV1983;;OTHER;573906.0N;0181906.3E;57.65167;18.31841;;;;179;FT;45;FT;;OTHER;;OTHER;;;TREE;POINT;ROUTINE;;;;;COMPLETED;;179
ESSV1418;;OTHER;573856.3N;0182101.6E;57.64897;18.35044;;;;181;FT;12;FT;;OTHER;;OTHER;;;VEGETATION;POINT;ROUTINE;;;;;COMPLETED;;179
ESSV1402;;OTHER;573858.1N;0182103.6E;57.64947;18.35101;;;;182;FT;12;FT;;OTHER;;OTHER;;;TREE;POINT;ROUTINE;;;;;COMPLETED;;179
ESSV1401;;OTHER;573857.9N;0182103.9E;57.64941;18.35108;;;;184;FT;14;FT;;OTHER;;OTHER;;;TREE;POINT;ROUTINE;;;;;COMPLETED;;179
ESSV1395;;OTHER;573857.4N;0182113.1E;57.64927;18.35363;;;;192;FT;24;FT;;OTHER;;OTHER;;;TREE;POINT;ROUTINE;;;;;COMPLETED;;179
ESSV1364;;OTHER;573855.0N;0182110.5E;57.6486;18.35292;;;;196;FT;28;FT;;OTHER;;OTHER;;;TREE;POINT;ROUTINE;;;;;COMPLETED;;179
ESSV1369;;OTHER;573854.0N;0182111.4E;57.64834;18.35317;;;;193;FT;23;FT;;OTHER;;OTHER;;;TREE;POINT;ROUTINE;;;;;COMPLETED;;179
ESSV1385;;OTHER;573853.5N;0182104.6E;57.64819;18.35128;;;;191;FT;19;FT;;OTHER;;OTHER;;;TREE;POINT;ROUTINE;;;;;COMPLETED;;179
ESSV1392;;OTHER;573856.2N;0182106.9E;57.64895;18.35191;;;;189;FT;19;FT;;OTHER;;OTHER;;;TREE;POINT;ROUTINE;;;;;COMPLETED;;179
ESSV1382;;OTHER;573853.1N;0182102.1E;57.64808;18.35059;;;;188;FT;17;FT;;OTHER;;OTHER;;;TREE;POINT;ROUTINE;;;;;COMPLETED;;179
ESSV1212;;OTHER;573852.1N;0182059.9E;57.64781;18.34998;;;;196;FT;24;FT;;OTHER;;OTHER;;;TREE;POINT;ROUTINE;;;;;COMPLETED;;179
ESSV1372;;OTHER;573849.4N;0182140.4E;57.64704;18.36122;;;;250;FT;84;FT;;OTHER;;OTHER;;;TREE;POINT;ROUTINE;;;;;COMPLETED;;179
ESSV609;;OTHER;574019.9N;0182105.0E;57.6722;18.35138;;;;139;FT;3;FT;;OTHER;;OTHER;;;SIGN;POINT;ROUTINE;;;;;COMPLETED;;179
ESSV1496;;OTHER;574024.8N;0182126.5E;57.67356;18.35737;;;;157;FT;24;FT;;OTHER;;OTHER;;;TREE;POINT;ROUTINE;;;;;COMPLETED;;179
ESSV1031;;OTHER;573752.2N;0181959.4E;57.63117;18.33316;;;;241;FT;65;FT;;OTHER;;OTHER;;;TREE;POINT;ROUTINE;;;;;COMPLETED;;179
ESSV1493;;OTHER;574024.1N;0182123.3E;57.67337;18.35646;;;;152;FT;18;FT;;OTHER;;OTHER;;;TREE;POINT;ROUTINE;;;;;COMPLETED;;179
ESSV1497;;OTHER;574026.3N;0182128.1E;57.67396;18.35781;;;;158;FT;25;FT;;OTHER;;OTHER;;;TREE;POINT;ROUTINE;;;;;COMPLETED;;179
ESSV1160;;OTHER;573912.6N;0182057.7E;57.65351;18.34935;;;;203;FT;53;FT;;OTHER;;OTHER;;;TREE;POINT;ROUTINE;;;;;COMPLETED;;179
ESSV1203;;OTHER;573842.9N;0182117.9E;57.64524;18.35498;;;;232;FT;62;FT;;OTHER;;OTHER;;;TREE;POINT;ROUTINE;;;;;COMPLETED;;179
ESSV1273;;OTHER;573934.7N;0181952.9E;57.65964;18.33135;;;;201;FT;57;FT;;OTHER;;OTHER;;;TREE;POINT;ROUTINE;;;;;COMPLETED;;179
ESSV1653;;OTHER;573846.9N;0182058.6E;57.64636;18.34961;;;;225;FT;54;FT;;OTHER;;OTHER;;;TREE;POINT;ROUTINE;;;;;COMPLETED;;179
ESSV1017;;OTHER;573828.9N;0182022.4E;57.64137;18.33955;;;;254;FT;74;FT;;OTHER;;OTHER;;;TREE;POINT;ROUTINE;;;;;COMPLETED;;179
ESSV708;;OTHER;573932.3N;0181955.4E;57.65897;18.33205;;;;195;FT;52;FT;;OTHER;;OTHER;;;OTHER;POINT;ROUTINE;;;;;COMPLETED;;179
ESSV1738;;OTHER;573935.8N;0181950.6E;57.65996;18.33073;;;;196;FT;50;FT;;OTHER;;OTHER;;;TREE;POINT;ROUTINE;;;;;COMPLETED;;179
ESSV1729;;OTHER;573943.9N;0181952.6E;57.66218;18.33129;;;;204;FT;60;FT;;OTHER;;OTHER;;;TREE;POINT;ROUTINE;;;;;COMPLETED;;179
ESSV534;;OTHER;573912.1N;0182135.9E;57.65337;18.35998;;;;232;FT;63;FT;;OTHER;;OTHER;;;ANTENNA;POINT;ROUTINE;;;;;COMPLETED;;179
ESSV529;;OTHER;573939.1N;0182020.7E;57.66086;18.33907;;;;211;FT;71;FT;;OTHER;;OTHER;;;ANTENNA;POINT;ROUTINE;;;;;COMPLETED;;179
ESSV1816;;OTHER;573906.5N;0182132.8E;57.6518;18.35912;;;;225;FT;56;FT;;OTHER;;OTHER;;;TREE;POINT;ROUTINE;;;;;COMPLETED;;179
ESSV365;;OTHER;573934.5N;0182017.5E;57.65959;18.33818;;;;203;FT;63;FT;;OTHER;;OTHER;;;POLE;POINT;ROUTINE;;;;;COMPLETED;;179
ESSV1665;;OTHER;573934.8N;0181951.3E;57.65966;18.33091;;;;198;FT;52;FT;;OTHER;;OTHER;;;TREE;POINT;ROUTINE;;;;;COMPLETED;;179
ESSV4;;OTHER;573813.5N;0181818.4E;57.63707;18.30512;;;;255;FT;107;FT;;OTHER;;OTHER;;;ANTENNA;POINT;ROUTINE;;;;;COMPLETED;;179
ESSV976;;OTHER;573802.0N;0181908.9E;57.63389;18.31913;;;;234;FT;65;FT;;OTHER;;OTHER;;;TREE;POINT;ROUTINE;;;;;COMPLETED;;179
ESSV1219;;OTHER;573847.2N;0182057.4E;57.64644;18.34929;;;;227;FT;57;FT;;OTHER;;OTHER;;;TREE;POINT;ROUTINE;;;;;COMPLETED;;179
ESSV1230;;OTHER;573846.3N;0182055.3E;57.64619;18.34868;;;;224;FT;54;FT;;OTHER;;OTHER;;;TREE;POINT;ROUTINE;;;;;COMPLETED;;179
ESSV156;;OTHER;573849.2N;0182049.6E;57.64701;18.34712;;;;266;FT;96;FT;;OTHER;;OTHER;;;ANTENNA;POINT;ROUTINE;;;;;COMPLETED;;179
ESSV352;;OTHER;573946.2N;0182014.8E;57.66284;18.33745;;;;229;FT;93;FT;;OTHER;;OTHER;;;ANTENNA;POINT;ROUTINE;;;;;COMPLETED;;179
ESSV1317;;OTHER;573911.3N;0182056.7E;57.65315;18.34908;;;;202;FT;51;FT;;OTHER;;OTHER;;;TREE;POINT;ROUTINE;;;;;COMPLETED;;179
ESSV1688;;OTHER;574003.5N;0182021.4E;57.66764;18.33928;;;;187;FT;52;FT;;OTHER;;OTHER;;;TREE;POINT;ROUTINE;;;;;COMPLETED;;179
ESSV2201;;OTHER;574013.8N;0182023.4E;57.6705;18.33984;;;;184;FT;53;FT;;OTHER;;OTHER;;;TREE;POINT;ROUTINE;;;;;COMPLETED;;179
ESSV2202;;OTHER;574013.7N;0182023.0E;57.67048;18.33971;;;;185;FT;54;FT;;OTHER;;OTHER;;;TREE;POINT;ROUTINE;;;;;COMPLETED;;179
ESSV1898;;OTHER;574003.3N;0182020.9E;57.66759;18.33915;;;;187;FT;52;FT;;OTHER;;OTHER;;;TREE;POINT;ROUTINE;;;;;COMPLETED;;179
ESSV1900;;OTHER;574003.4N;0182019.3E;57.66762;18.3387;;;;188;FT;52;FT;;OTHER;;OTHER;;;TREE;POINT;ROUTINE;;;;;COMPLETED;;179
ESSV2210;;OTHER;574011.2N;0182019.0E;57.66977;18.33861;;;;185;FT;54;FT;;OTHER;;OTHER;;;TREE;POINT;ROUTINE;;;;;COMPLETED;;179
ESSV2211;;OTHER;574011.0N;0182018.0E;57.66973;18.33834;;;;186;FT;55;FT;;OTHER;;OTHER;;;TREE;POINT;ROUTINE;;;;;COMPLETED;;179
ESSV1709;;OTHER;573951.9N;0182005.9E;57.66442;18.33498;;;;192;FT;54;FT;;OTHER;;OTHER;;;TREE;POINT;ROUTINE;;;;;COMPLETED;;179
ESSV1345;;OTHER;573900.3N;0182111.0E;57.65008;18.35305;;;;201;FT;33;FT;;OTHER;;OTHER;;;TREE;POINT;ROUTINE;;;;;COMPLETED;;179
ESSV1251;;OTHER;573937.1N;0182009.4E;57.6603;18.33594;;;;191;FT;52;FT;;OTHER;;OTHER;;;TREE;POINT;ROUTINE;;;;;COMPLETED;;179
ESSV1222;;OTHER;573851.3N;0182056.7E;57.64758;18.34907;;;;206;FT;33;FT;;OTHER;;OTHER;;;TREE;POINT;ROUTINE;;;;;COMPLETED;;179
ESSV1216;;OTHER;573851.1N;0182058.5E;57.64752;18.34959;;;;208;FT;36;FT;;OTHER;;OTHER;;;TREE;POINT;ROUTINE;;;;;COMPLETED;;179
ESSV1604;;OTHER;573940.3N;0182212.2E;57.66118;18.37005;;;;202;FT;58;FT;;OTHER;;OTHER;;;TREE;POINT;ROUTINE;;;;;COMPLETED;;179
ESSV1793;;OTHER;573942.6N;0182218.6E;57.66182;18.37183;;;;222;FT;76;FT;;OTHER;;OTHER;;;TREE;POINT;ROUTINE;;;;;COMPLETED;;179
ESSV1837;;OTHER;573941.6N;0182209.3E;57.66156;18.36926;;;;216;FT;76;FT;;OTHER;;OTHER;;;TREE;POINT;ROUTINE;;;;;COMPLETED;;179
ESSV1835;;OTHER;573957.9N;0182225.5E;57.66607;18.37374;;;;200;FT;69;FT;;OTHER;;OTHER;;;TREE;POINT;ROUTINE;;;;;COMPLETED;;179
ESSV1127;;OTHER;573934.1N;0182151.3E;57.65946;18.36424;;;;226;FT;79;FT;;OTHER;;OTHER;;;TREE;POINT;ROUTINE;;;;;COMPLETED;;179
ESSV1842;;OTHER;573934.4N;0182153.2E;57.65956;18.36478;;;;226;FT;80;FT;;OTHER;;OTHER;;;TREE;POINT;ROUTINE;;;;;COMPLETED;;179
ESSV2121;;OTHER;574031.8N;0182046.6E;57.67551;18.34629;;;;177;FT;50;FT;;OTHER;;OTHER;;;TREE;POINT;ROUTINE;;;;;COMPLETED;;179
ESSV1798;;OTHER;573921.8N;0182224.2E;57.65605;18.3734;;;;226;FT;57;FT;;OTHER;;OTHER;;;TREE;POINT;ROUTINE;;;;;COMPLETED;;179
ESSV2150;;OTHER;574032.5N;0182029.0E;57.67569;18.34139;;;;194;FT;64;FT;;OTHER;;OTHER;;;TREE;POINT;ROUTINE;;;;;COMPLETED;;179
ESSV1733;;OTHER;573944.5N;0182008.9E;57.66237;18.33579;;;;191;FT;53;FT;;OTHER;;OTHER;;;TREE;POINT;ROUTINE;;;;;COMPLETED;;179
ESSV1562;;OTHER;574021.4N;0182133.7E;57.6726;18.35935;;;;181;FT;50;FT;;OTHER;;OTHER;;;TREE;POINT;ROUTINE;;;;;COMPLETED;;179
ESSV1575;;OTHER;574018.8N;0182139.3E;57.67189;18.36091;;;;188;FT;58;FT;;OTHER;;OTHER;;;TREE;POINT;ROUTINE;;;;;COMPLETED;;179
ESSV1861;;OTHER;573917.1N;0182127.9E;57.65474;18.35775;;;;209;FT;50;FT;;OTHER;;OTHER;;;TREE;POINT;ROUTINE;;;;;COMPLETED;;179
ESSV1802;;OTHER;573908.8N;0182232.3E;57.65245;18.37565;;;;233;FT;63;FT;;OTHER;;OTHER;;;TREE;POINT;ROUTINE;;;;;COMPLETED;;179
ESSV168;;OTHER;573939.9N;0182020.3E;57.66109;18.33897;;;;188;FT;50;FT;;OTHER;;OTHER;;;ANTENNA;POINT;ROUTINE;;;;;COMPLETED;;179
ESSV1701;;OTHER;573956.5N;0181959.4E;57.66569;18.33316;;;;197;FT;57;FT;;OTHER;;OTHER;;;TREE;POINT;ROUTINE;;;;;COMPLETED;;179
ESSV2129;;OTHER;574031.3N;0182043.8E;57.67536;18.34549;;;;177;FT;50;FT;;OTHER;;OTHER;;;TREE;POINT;ROUTINE;;;;;COMPLETED;;179
ESSV2139;;OTHER;574033.3N;0182035.7E;57.67591;18.34325;;;;179;FT;51;FT;;OTHER;;OTHER;;;TREE;POINT;ROUTINE;;;;;COMPLETED;;179
LÄRBRO-41308;10;M;574838.2N;0184543.5E;57.81061;18.76208;0.3;Seconds;;569;FT;489;FT;5;M;5;M;1;M;WINDMILL;POINT;ROUTINE;20250121;Y;FLGR;;COMPLETED;;179
LÄRBRO-41309;10;M;574825.9N;0184602.5E;57.8072;18.76736;0.3;Seconds;;580;FT;489;FT;5;M;5;M;1;M;WINDMILL;POINT;ROUTINE;20250121;Y;FLGR;;COMPLETED;;179
ESSV904;;OTHER;573914.4N;0181912.2E;57.65401;18.32005;;;;176;FT;34;FT;;OTHER;;OTHER;;;POLE;POINT;ROUTINE;;;;;COMPLETED;;179
ESSV2029;;OTHER;573900.5N;0181909.2E;57.65013;18.31922;;;;187;FT;40;FT;;OTHER;;OTHER;;;TREE;POINT;ROUTINE;;;;;COMPLETED;;179
ESSV884;;OTHER;573909.9N;0181930.9E;57.65275;18.32524;;;;156;FT;12;FT;;OTHER;;OTHER;;;BUILDING;POINT;ROUTINE;;;;;COMPLETED;;179
ESSV1005;;OTHER;573843.8N;0182013.2E;57.64551;18.33701;;;;201;FT;41;FT;;OTHER;;OTHER;;;TREE;POINT;ROUTINE;;;;;COMPLETED;;179
ESSV728;;OTHER;573839.5N;0182000.0E;57.64431;18.33334;;;;198;FT;41;FT;;OTHER;;OTHER;;;POLE;POINT;ROUTINE;;;;;COMPLETED;;179
ESSV36;;OTHER;573834.3N;0182003.1E;57.64287;18.33419;;;;198;FT;35;FT;;OTHER;;OTHER;;;POLE;POINT;ROUTINE;;;;;COMPLETED;;179
ESSV613;;OTHER;573803.8N;0181954.8E;57.6344;18.33189;;;;280;FT;105;FT;;OTHER;;OTHER;;;STACK;POINT;ROUTINE;;;;;COMPLETED;;179
ESSV71;;OTHER;573828.4N;0181953.1E;57.64121;18.33141;;;;208;FT;42;FT;;OTHER;;OTHER;;;ANTENNA;POINT;ROUTINE;;;;;COMPLETED;;179
ESSV58;;OTHER;573824.9N;0181938.9E;57.64024;18.32746;;;;218;FT;52;FT;;OTHER;;OTHER;;;POLE;POINT;ROUTINE;;;;;COMPLETED;;179
ESSV34;;OTHER;573821.8N;0181957.3E;57.63938;18.33258;;;;208;FT;40;FT;;OTHER;;OTHER;;;POLE;POINT;ROUTINE;;;;;COMPLETED;;179
ESSV1648;;OTHER;573838.3N;0182217.5E;57.64397;18.37154;;;;303;FT;124;FT;;OTHER;;OTHER;;;TREE;POINT;ROUTINE;;;;;COMPLETED;;179
ESSV329;;OTHER;573942.4N;0182026.3E;57.66177;18.34063;;;;195;FT;60;FT;;OTHER;;OTHER;;;POLE;POINT;ROUTINE;;;;;COMPLETED;;179
ESSV1977;;OTHER;573909.9N;0181923.4E;57.65274;18.32317;;;;180;FT;36;FT;;OTHER;;OTHER;;;TREE;POINT;ROUTINE;;;;;COMPLETED;;179
ESSV2039;;OTHER;573909.3N;0181923.3E;57.65257;18.32313;;;;169;FT;26;FT;;OTHER;;OTHER;;;TREE;POINT;ROUTINE;;;;;COMPLETED;;179
ESSV2036;;OTHER;573903.9N;0181858.0E;57.65109;18.31611;;;;182;FT;42;FT;;OTHER;;OTHER;;;TREE;POINT;ROUTINE;;;;;COMPLETED;;179
ESSV905;;OTHER;573903.7N;0181901.3E;57.65104;18.31704;;;;179;FT;35;FT;;OTHER;;OTHER;;;POLE;POINT;ROUTINE;;;;;COMPLETED;;179
ESSV1984;;OTHER;573905.3N;0181911.5E;57.65148;18.31986;;;;171;FT;33;FT;;OTHER;;OTHER;;;TREE;POINT;ROUTINE;;;;;COMPLETED;;179
ESSV1985;;OTHER;573904.9N;0181911.5E;57.65137;18.31987;;;;173;FT;34;FT;;OTHER;;OTHER;;;TREE;POINT;ROUTINE;;;;;COMPLETED;;179
VISBY/FOLLINGBO-3896;10;M;573533.6N;0182222.7E;57.59268;18.37297;0.3;Seconds;;1109;FT;853;FT;5;M;5;M;1;M;ANTENNA;POINT;ROUTINE;20041122;Y;FR/FLGW;;COMPLETED;;179
ESSV1400;;OTHER;573858.6N;0182109.3E;57.64962;18.35258;;;;190;FT;19;FT;;OTHER;;OTHER;;;TREE;POINT;ROUTINE;;;;;COMPLETED;;179
ESSV1352;;OTHER;573858.4N;0182111.2E;57.64955;18.3531;;;;197;FT;27;FT;;OTHER;;OTHER;;;TREE;POINT;ROUTINE;;;;;COMPLETED;;179
ESSV1354;;OTHER;573857.7N;0182108.8E;57.64937;18.35246;;;;195;FT;24;FT;;OTHER;;OTHER;;;TREE;POINT;ROUTINE;;;;;COMPLETED;;179
ESSV1359;;OTHER;573856.2N;0182111.5E;57.64894;18.35321;;;;194;FT;24;FT;;OTHER;;OTHER;;;TREE;POINT;ROUTINE;;;;;COMPLETED;;179
ESSV1370;;OTHER;573854.3N;0182107.6E;57.64843;18.35211;;;;191;FT;21;FT;;OTHER;;OTHER;;;TREE;POINT;ROUTINE;;;;;COMPLETED;;179
ESSV1822;;OTHER;573849.5N;0182140.9E;57.64707;18.36137;;;;243;FT;77;FT;;OTHER;;OTHER;;;TREE;POINT;ROUTINE;;;;;COMPLETED;;179
ESSV739;;OTHER;573855.0N;0182120.1E;57.64861;18.35558;;;;198;FT;32;FT;;OTHER;;OTHER;;;POLE;POINT;ROUTINE;;;;;COMPLETED;;179
ESSV22;;OTHER;573853.2N;0182042.0E;57.64811;18.34499;;;;173;FT;10;FT;;OTHER;;OTHER;;;FUEL_SYSTEM;POINT;ROUTINE;;;;;COMPLETED;;179
ESSV610;;OTHER;573835.4N;0182013.4E;57.64316;18.33706;;;;213;FT;49;FT;;OTHER;;OTHER;;;POLE;POINT;ROUTINE;;;;;COMPLETED;;179
ESSV1166;;OTHER;573911.4N;0182058.0E;57.65317;18.34943;;;;203;FT;52;FT;;OTHER;;OTHER;;;TREE;POINT;ROUTINE;;;;;COMPLETED;;179
ESSV1167;;OTHER;573911.3N;0182057.8E;57.65314;18.34939;;;;204;FT;53;FT;;OTHER;;OTHER;;;TREE;POINT;ROUTINE;;;;;COMPLETED;;179
ESSV1206;;OTHER;573841.8N;0182115.6E;57.64493;18.35434;;;;226;FT;55;FT;;OTHER;;OTHER;;;TREE;POINT;ROUTINE;;;;;COMPLETED;;179
ESSV1199;;OTHER;573844.9N;0182120.1E;57.64581;18.35559;;;;243;FT;74;FT;;OTHER;;OTHER;;;TREE;POINT;ROUTINE;;;;;COMPLETED;;179
ESSV744;;OTHER;573913.7N;0182134.6E;57.6538;18.35962;;;;253;FT;81;FT;;OTHER;;OTHER;;;ANTENNA;POINT;ROUTINE;;;;;COMPLETED;;179
ESSV1929;;OTHER;573934.1N;0181948.1E;57.65948;18.33002;;;;199;FT;53;FT;;OTHER;;OTHER;;;TREE;POINT;ROUTINE;;;;;COMPLETED;;179
ESSV358;;OTHER;573936.1N;0182018.7E;57.66004;18.33853;;;;207;FT;68;FT;;OTHER;;OTHER;;;POLE;POINT;ROUTINE;;;;;COMPLETED;;179
VISBY-47317;10;M;573756.0N;0181936.4E;57.63223;18.32679;0.3;Seconds;;242;FT;69;FT;5;M;5;M;1;M;ANTENNA;POINT;ROUTINE;20260108;N;;;COMPLETED;;179
ESSV1343;;OTHER;573904.6N;0182125.6E;57.65127;18.35712;;;;216;FT;50;FT;;OTHER;;OTHER;;;TREE;POINT;ROUTINE;;;;;COMPLETED;;179
ESSV1211;;OTHER;573833.1N;0182119.6E;57.64253;18.35545;;;;244;FT;67;FT;;OTHER;;OTHER;;;TREE;POINT;ROUTINE;;;;;COMPLETED;;179
ESSV374;;OTHER;573932.4N;0182016.0E;57.659;18.33778;;;;202;FT;67;FT;;OTHER;;OTHER;;;POLE;POINT;ROUTINE;;;;;COMPLETED;;179
ESSV201;;OTHER;573852.8N;0181829.0E;57.648;18.30807;;;;213;FT;72;FT;;OTHER;;OTHER;;;ANTENNA;POINT;ROUTINE;;;;;COMPLETED;;179
ESSV1027;;OTHER;573826.8N;0182017.6E;57.64077;18.33822;;;;244;FT;75;FT;;OTHER;;OTHER;;;TREE;POINT;ROUTINE;;;;;COMPLETED;;179
ESSV1055;;OTHER;573841.1N;0182036.4E;57.64474;18.34343;;;;215;FT;50;FT;;OTHER;;OTHER;;;TREE;POINT;ROUTINE;;;;;COMPLETED;;179
ESSV939;;OTHER;573811.3N;0181854.7E;57.63648;18.31519;;;;231;FT;76;FT;;OTHER;;OTHER;;;TREE;POINT;ROUTINE;;;;;COMPLETED;;179
ESSV975;;OTHER;573802.0N;0181907.6E;57.6339;18.31879;;;;241;FT;71;FT;;OTHER;;OTHER;;;TREE;POINT;ROUTINE;;;;;COMPLETED;;179
ESSV2055;;OTHER;573921.7N;0181915.4E;57.65601;18.32095;;;;196;FT;57;FT;;OTHER;;OTHER;;;TREE;POINT;ROUTINE;;;;;COMPLETED;;179
ESSV431;;OTHER;573830.7N;0181751.6E;57.64187;18.29767;;;;262;FT;191;FT;;OTHER;;OTHER;;;SPIRE;POINT;ROUTINE;;;;;COMPLETED;;179
ESSV1687;;OTHER;574004.3N;0182017.8E;57.66785;18.33828;;;;189;FT;53;FT;;OTHER;;OTHER;;;TREE;POINT;ROUTINE;;;;;COMPLETED;;179
ESSV1891;;OTHER;574005.1N;0182025.7E;57.66809;18.34046;;;;186;FT;52;FT;;OTHER;;OTHER;;;TREE;POINT;ROUTINE;;;;;COMPLETED;;179
ESSV1894;;OTHER;574005.0N;0182024.3E;57.66806;18.34007;;;;186;FT;52;FT;;OTHER;;OTHER;;;TREE;POINT;ROUTINE;;;;;COMPLETED;;179
ESSV1899;;OTHER;574003.3N;0182020.7E;57.66757;18.33909;;;;186;FT;51;FT;;OTHER;;OTHER;;;TREE;POINT;ROUTINE;;;;;COMPLETED;;179
ESSV2220;;OTHER;574005.0N;0182027.6E;57.66806;18.341;;;;187;FT;52;FT;;OTHER;;OTHER;;;TREE;POINT;ROUTINE;;;;;COMPLETED;;179
ESSV1704;;OTHER;573955.0N;0182007.1E;57.66527;18.33531;;;;188;FT;51;FT;;OTHER;;OTHER;;;TREE;POINT;ROUTINE;;;;;COMPLETED;;179
ESSV1340;;OTHER;573900.7N;0182108.5E;57.65018;18.35235;;;;196;FT;28;FT;;OTHER;;OTHER;;;TREE;POINT;ROUTINE;;;;;COMPLETED;;179
ESSV1237;;OTHER;573852.1N;0182052.4E;57.6478;18.34789;;;;192;FT;26;FT;;OTHER;;OTHER;;;TREE;POINT;ROUTINE;;;;;COMPLETED;;179
ESSV1911;;OTHER;573950.1N;0182006.2E;57.66391;18.33507;;;;191;FT;52;FT;;OTHER;;OTHER;;;TREE;POINT;ROUTINE;;;;;COMPLETED;;179
ESSV1725;;OTHER;573949.5N;0182005.2E;57.66375;18.33479;;;;193;FT;54;FT;;OTHER;;OTHER;;;TREE;POINT;ROUTINE;;;;;COMPLETED;;179
ESSV1118;;OTHER;574043.3N;0182218.6E;57.67868;18.37184;;;;216;FT;84;FT;;OTHER;;OTHER;;;TREE;POINT;ROUTINE;;;;;COMPLETED;;179
ESSV1602;;OTHER;573944.3N;0182218.4E;57.6623;18.37179;;;;211;FT;73;FT;;OTHER;;OTHER;;;TREE;POINT;ROUTINE;;;;;COMPLETED;;179
ESSV1619;;OTHER;573935.5N;0182200.2E;57.65987;18.36672;;;;217;FT;70;FT;;OTHER;;OTHER;;;TREE;POINT;ROUTINE;;;;;COMPLETED;;179
ESSV1121;;OTHER;573937.9N;0182150.2E;57.66053;18.36394;;;;213;FT;71;FT;;OTHER;;OTHER;;;TREE;POINT;ROUTINE;;;;;COMPLETED;;179
ESSV1616;;OTHER;573936.9N;0182203.0E;57.66024;18.36749;;;;215;FT;68;FT;;OTHER;;OTHER;;;TREE;POINT;ROUTINE;;;;;COMPLETED;;179
ESSV1792;;OTHER;573943.8N;0182218.3E;57.66217;18.37174;;;;208;FT;68;FT;;OTHER;;OTHER;;;TREE;POINT;ROUTINE;;;;;COMPLETED;;179
ESSV2130;;OTHER;574031.6N;0182042.6E;57.67546;18.34515;;;;179;FT;52;FT;;OTHER;;OTHER;;;TREE;POINT;ROUTINE;;;;;COMPLETED;;179
ESSV1797;;OTHER;573922.3N;0182226.3E;57.65621;18.37396;;;;226;FT;57;FT;;OTHER;;OTHER;;;TREE;POINT;ROUTINE;;;;;COMPLETED;;179
ESSV1561;;OTHER;574042.8N;0182158.3E;57.67855;18.3662;;;;209;FT;76;FT;;OTHER;;OTHER;;;TREE;POINT;ROUTINE;;;;;COMPLETED;;179
ESSV1104;;OTHER;574004.8N;0182128.6E;57.668;18.35795;;;;195;FT;65;FT;;OTHER;;OTHER;;;TREE;POINT;ROUTINE;;;;;COMPLETED;;179
ESSV1576;;OTHER;574018.5N;0182139.9E;57.6718;18.36108;;;;191;FT;61;FT;;OTHER;;OTHER;;;TREE;POINT;ROUTINE;;;;;COMPLETED;;179
ESSV1582;;OTHER;574005.3N;0182122.0E;57.66815;18.35611;;;;183;FT;52;FT;;OTHER;;OTHER;;;TREE;POINT;ROUTINE;;;;;COMPLETED;;179
ESSV1657;;OTHER;573936.5N;0182011.1E;57.66013;18.33643;;;;190;FT;51;FT;;OTHER;;OTHER;;;TREE;POINT;ROUTINE;;;;;COMPLETED;;179
ESSV2103;;OTHER;574044.2N;0182046.7E;57.67894;18.34631;;;;191;FT;62;FT;;OTHER;;OTHER;;;TREE;POINT;ROUTINE;;;;;COMPLETED;;179
STORUNGS-50386;10;M;574947.7N;0184956.7E;57.82992;18.83241;0.3;Seconds;;615;FT;492;FT;5;M;5;M;1;M;WINDMILL;POINT;ROUTINE;20250121;Y;FLGW;;COMPLETED;;179
ESSV1991;;OTHER;573901.6N;0181913.4E;57.65044;18.3204;;;;173;FT;32;FT;;OTHER;;OTHER;;;TREE;POINT;ROUTINE;;;;;COMPLETED;;179
FRYSEN-23345;10;M;573808.7N;0181954.1E;57.63576;18.33171;0.3;Seconds;;250;FT;79;FT;5;M;5;M;1;M;ANTENNA;POINT;ROUTINE;20260108;Y;FR;;COMPLETED;;179
VISBY-22125;10;M;573726.6N;0181905.6E;57.62406;18.31823;0.3;Seconds;;313;FT;135;FT;5;M;5;M;1;M;STACK;POINT;ROUTINE;20260108;Y;FR;;COMPLETED;;179
ESSV627;;OTHER;573822.4N;0182005.6E;57.63955;18.33488;;;;235;FT;66;FT;;OTHER;;OTHER;;;POLE;POINT;ROUTINE;;;;;COMPLETED;;179
ESSV59;;OTHER;573839.7N;0182000.2E;57.64436;18.33338;;;;198;FT;41;FT;;OTHER;;OTHER;;;POLE;POINT;ROUTINE;;;;;COMPLETED;;179
ESSV38;;OTHER;573830.4N;0181946.7E;57.64178;18.32965;;;;204;FT;41;FT;;OTHER;;OTHER;;;POLE;POINT;ROUTINE;;;;;COMPLETED;;179
ESSV70;;OTHER;573828.4N;0181953.4E;57.64123;18.33149;;;;204;FT;37;FT;;OTHER;;OTHER;;;BUILDING;POINT;ROUTINE;;;;;COMPLETED;;179
ESSV240;;OTHER;573944.2N;0182055.1E;57.66229;18.34863;;;;142;FT;8;FT;;OTHER;;OTHER;;;BUILDING;POINT;ROUTINE;;;;;COMPLETED;;179
ESSV305;;OTHER;573939.7N;0182052.0E;57.66103;18.34778;;;;143;FT;9;FT;;OTHER;;OTHER;;;ANTENNA;POINT;ROUTINE;;;;;COMPLETED;;179
ESSV2044;;OTHER;573910.4N;0181910.7E;57.6529;18.31965;;;;186;FT;45;FT;;OTHER;;OTHER;;;TREE;POINT;ROUTINE;;;;;COMPLETED;;179
ESSV1971;;OTHER;573912.1N;0181907.5E;57.65336;18.31876;;;;175;FT;40;FT;;OTHER;;OTHER;;;TREE;POINT;ROUTINE;;;;;COMPLETED;;179
ESSV2073;;OTHER;573902.4N;0181931.6E;57.65066;18.32544;;;;161;FT;20;FT;;OTHER;;OTHER;;;VEGETATION;POINT;ROUTINE;;;;;COMPLETED;;179
ESSV2041;;OTHER;573908.8N;0181907.4E;57.65244;18.31872;;;;188;FT;44;FT;;OTHER;;OTHER;;;TREE;POINT;ROUTINE;;;;;COMPLETED;;179
ESSV1979;;OTHER;573908.9N;0181921.8E;57.65248;18.32272;;;;168;FT;26;FT;;OTHER;;OTHER;;;TREE;POINT;ROUTINE;;;;;COMPLETED;;179
ESSV1987;;OTHER;573904.1N;0181911.5E;57.65113;18.31986;;;;175;FT;35;FT;;OTHER;;OTHER;;;TREE;POINT;ROUTINE;;;;;COMPLETED;;179
ESSV1398;;OTHER;573858.3N;0182111.5E;57.64953;18.35319;;;;196;FT;27;FT;;OTHER;;OTHER;;;TREE;POINT;ROUTINE;;;;;COMPLETED;;179
ESSV1360;;OTHER;573855.8N;0182109.0E;57.64884;18.3525;;;;191;FT;21;FT;;OTHER;;OTHER;;;TREE;POINT;ROUTINE;;;;;COMPLETED;;179
ESSV1365;;OTHER;573854.7N;0182110.9E;57.64853;18.35303;;;;197;FT;29;FT;;OTHER;;OTHER;;;TREE;POINT;ROUTINE;;;;;COMPLETED;;179
ESSV902;;OTHER;573855.6N;0182109.3E;57.64878;18.35258;;;;194;FT;24;FT;;OTHER;;OTHER;;;BUILDING;POINT;ROUTINE;;;;;COMPLETED;;179
ESSV1411;;OTHER;573858.0N;0182100.8E;57.64944;18.35021;;;;178;FT;10;FT;;OTHER;;OTHER;;;VEGETATION;POINT;ROUTINE;;;;;COMPLETED;;179
ESSV1355;;OTHER;573857.7N;0182111.0E;57.64937;18.35305;;;;196;FT;26;FT;;OTHER;;OTHER;;;TREE;POINT;ROUTINE;;;;;COMPLETED;;179
ESSV1367;;OTHER;573854.5N;0182108.5E;57.64847;18.35236;;;;189;FT;19;FT;;OTHER;;OTHER;;;TREE;POINT;ROUTINE;;;;;COMPLETED;;179
ESSV1430;;OTHER;573853.7N;0182059.3E;57.64825;18.3498;;;;182;FT;12;FT;;OTHER;;OTHER;;;VEGETATION;POINT;ROUTINE;;;;;COMPLETED;;179
ESSV189;;OTHER;573855.9N;0182118.5E;57.64886;18.35513;;;;205;FT;37;FT;;OTHER;;OTHER;;;POLE;POINT;ROUTINE;;;;;COMPLETED;;179
ESSV1394;;OTHER;573857.9N;0182121.8E;57.64941;18.35606;;;;201;FT;33;FT;;OTHER;;OTHER;;;TREE;POINT;ROUTINE;;;;;COMPLETED;;179
ESSV1813;;OTHER;573853.3N;0182210.3E;57.64814;18.36952;;;;254;FT;87;FT;;OTHER;;OTHER;;;TREE;POINT;ROUTINE;;;;;COMPLETED;;179
ESSV1824;;OTHER;573846.4N;0182138.3E;57.64621;18.36064;;;;252;FT;86;FT;;OTHER;;OTHER;;;TREE;POINT;ROUTINE;;;;;COMPLETED;;179
ESSV278;;OTHER;574004.0N;0182105.9E;57.66777;18.35164;;;;170;FT;36;FT;;OTHER;;OTHER;;;ANTENNA;POINT;ROUTINE;;;;;COMPLETED;;179
ESSV1498;;OTHER;574030.1N;0182131.5E;57.67501;18.35874;;;;159;FT;27;FT;;OTHER;;OTHER;;;TREE;POINT;ROUTINE;;;;;COMPLETED;;179
ESSV1030;;OTHER;573825.3N;0182013.1E;57.64037;18.33696;;;;213;FT;45;FT;;OTHER;;OTHER;;;TREE;POINT;ROUTINE;;;;;COMPLETED;;179
VISBY-27099;10;M;573816.8N;0182007.8E;57.638;18.3355;0.3;Seconds;;249;FT;79;FT;5;M;5;M;1;M;ANTENNA;POINT;ROUTINE;;Y;FR;;COMPLETED;;179
ESSV1151;;OTHER;573915.5N;0182057.2E;57.65431;18.34921;;;;197;FT;50;FT;;OTHER;;OTHER;;;TREE;POINT;ROUTINE;;;;;COMPLETED;;179
ESSV1157;;OTHER;573912.9N;0182058.2E;57.6536;18.34949;;;;207;FT;57;FT;;OTHER;;OTHER;;;TREE;POINT;ROUTINE;;;;;COMPLETED;;179
ESSV1208;;OTHER;573833.8N;0182122.6E;57.64273;18.35627;;;;244;FT;68;FT;;OTHER;;OTHER;;;TREE;POINT;ROUTINE;;;;;COMPLETED;;179
ESSV1201;;OTHER;573845.3N;0182117.3E;57.64592;18.3548;;;;236;FT;66;FT;;OTHER;;OTHER;;;TREE;POINT;ROUTINE;;;;;COMPLETED;;179
ESSV1274;;OTHER;573932.3N;0181955.2E;57.65898;18.332;;;;200;FT;56;FT;;OTHER;;OTHER;;;TREE;POINT;ROUTINE;;;;;COMPLETED;;179
ESSV1025;;OTHER;573828.5N;0182021.2E;57.64126;18.33921;;;;244;FT;74;FT;;OTHER;;OTHER;;;TREE;POINT;ROUTINE;;;;;COMPLETED;;179
ESSV1922;;OTHER;573938.8N;0181954.6E;57.66078;18.33182;;;;198;FT;53;FT;;OTHER;;OTHER;;;TREE;POINT;ROUTINE;;;;;COMPLETED;;179
ESSV2058;;OTHER;573922.5N;0181926.0E;57.65625;18.32389;;;;197;FT;53;FT;;OTHER;;OTHER;;;TREE;POINT;ROUTINE;;;;;COMPLETED;;179
ESSV290;;OTHER;573907.5N;0182139.5E;57.65209;18.36097;;;;228;FT;60;FT;;OTHER;;OTHER;;;POLE;POINT;ROUTINE;;;;;COMPLETED;;179
ESSV1294;;OTHER;573922.2N;0181926.0E;57.65617;18.32389;;;;196;FT;52;FT;;OTHER;;OTHER;;;TREE;POINT;ROUTINE;;;;;COMPLETED;;179
STORA HÄSTNÄS-5525;10;M;573913.6N;0182134.8E;57.65378;18.35965;0.3;Seconds;;260;FT;79;FT;5;M;5;M;1;M;ANTENNA;POINT;ROUTINE;19990101;N;;;COMPLETED;;179
ESSV348;;OTHER;573940.3N;0182020.7E;57.6612;18.33907;;;;209;FT;70;FT;;OTHER;;OTHER;;;BUILDING;POINT;ROUTINE;;;;;COMPLETED;;179
ESSV831;;OTHER;573910.2N;0182202.5E;57.65284;18.36737;;;;237;FT;67;FT;;OTHER;;OTHER;;;ANTENNA;POINT;ROUTINE;;;;;COMPLETED;;179
ESSV832;;OTHER;573908.9N;0182144.2E;57.65246;18.36227;;;;227;FT;57;FT;;OTHER;;OTHER;;;ANTENNA;POINT;ROUTINE;;;;;COMPLETED;;179
ESSV1806;;OTHER;573903.9N;0182227.6E;57.65107;18.37433;;;;243;FT;72;FT;;OTHER;;OTHER;;;TREE;POINT;ROUTINE;;;;;COMPLETED;;179
ESSV1805;;OTHER;573907.1N;0182225.8E;57.65196;18.37383;;;;245;FT;79;FT;;OTHER;;OTHER;;;TREE;POINT;ROUTINE;;;;;COMPLETED;;179
ESSV746;;OTHER;573936.2N;0182018.7E;57.66004;18.33854;;;;207;FT;67;FT;;OTHER;;OTHER;;;POLE;POINT;ROUTINE;;;;;COMPLETED;;179
ESSV1029;;OTHER;573826.7N;0182015.1E;57.64075;18.33751;;;;220;FT;49;FT;;OTHER;;OTHER;;;TREE;POINT;ROUTINE;;;;;COMPLETED;;179
ESSV3;;OTHER;573806.1N;0181755.8E;57.63503;18.29882;;;;275;FT;145;FT;;OTHER;;OTHER;;;CRANE;POINT;ROUTINE;;;;;COMPLETED;;179
ESSV1920;;OTHER;573939.1N;0181956.4E;57.66087;18.33232;;;;195;FT;52;FT;;OTHER;;OTHER;;;TREE;POINT;ROUTINE;;;;;COMPLETED;;179
VISBY-30431;10;M;573946.3N;0182014.9E;57.66285;18.33746;0.3;Seconds;;232;FT;95;FT;5;M;5;M;1;M;ANTENNA;POINT;ROUTINE;20250121;Y;FR;;COMPLETED;;179
VISBY-48262;10;M;573835.0N;0181915.9E;57.64307;18.32107;0.3;Seconds;;217;FT;66;FT;5;M;5;M;1;M;ANTENNA;POINT;ROUTINE;;N;;;COMPLETED;;179
ÖSTERGRAVAR-118079;10;M;573830.7N;0181751.6E;57.64186;18.29767;0.3;Seconds;;263;FT;194;FT;5;M;5;M;1;M;SPIRE;POINT;ROUTINE;;UNKNOWN;unknown;;COMPLETED;;179
SNÄCKVIKEN-118082;10;M;574006.6N;0181959.5E;57.66849;18.3332;0.3;Seconds;;234;FT;154;FT;5;M;5;M;1;M;BUILDING;POINT;ROUTINE;;UNKNOWN;unknown;;COMPLETED;;179
ESSV1229;;OTHER;573846.2N;0182056.5E;57.64617;18.34902;;;;226;FT;57;FT;;OTHER;;OTHER;;;TREE;POINT;ROUTINE;;;;;COMPLETED;;179
ESSV1992;;OTHER;573859.0N;0181911.3E;57.64971;18.3198;;;;201;FT;51;FT;;OTHER;;OTHER;;;TREE;POINT;ROUTINE;;;;;COMPLETED;;179
ESSV356;;OTHER;574006.5N;0181959.8E;57.66848;18.33328;;;;240;FT;140;FT;;OTHER;;OTHER;;;ANTENNA;POINT;ROUTINE;;;;;COMPLETED;;179
ESSV1826;;OTHER;573917.7N;0182057.4E;57.65491;18.34928;;;;195;FT;50;FT;;OTHER;;OTHER;;;TREE;POINT;ROUTINE;;;;;COMPLETED;;179
ESSV1904;;OTHER;574006.5N;0182013.8E;57.66848;18.33715;;;;188;FT;52;FT;;OTHER;;OTHER;;;TREE;POINT;ROUTINE;;;;;COMPLETED;;179
ESSV2199;;OTHER;574014.1N;0182024.5E;57.67058;18.34014;;;;181;FT;50;FT;;OTHER;;OTHER;;;TREE;POINT;ROUTINE;;;;;COMPLETED;;179
ESSV2227;;OTHER;574007.8N;0182015.1E;57.66883;18.33753;;;;194;FT;59;FT;;OTHER;;OTHER;;;TREE;POINT;ROUTINE;;;;;COMPLETED;;179
ESSV2204;;OTHER;574013.3N;0182022.4E;57.67035;18.33955;;;;185;FT;54;FT;;OTHER;;OTHER;;;TREE;POINT;ROUTINE;;;;;COMPLETED;;179
ESSV2146;;OTHER;574035.7N;0182028.2E;57.67658;18.34117;;;;189;FT;61;FT;;OTHER;;OTHER;;;TREE;POINT;ROUTINE;;;;;COMPLETED;;179
ESSV1895;;OTHER;574005.5N;0182023.1E;57.6682;18.33976;;;;185;FT;51;FT;;OTHER;;OTHER;;;TREE;POINT;ROUTINE;;;;;COMPLETED;;179
ESSV1896;;OTHER;574003.6N;0182022.7E;57.66767;18.33963;;;;185;FT;51;FT;;OTHER;;OTHER;;;TREE;POINT;ROUTINE;;;;;COMPLETED;;179
ESSV2217;;OTHER;574007.7N;0182017.5E;57.6688;18.33818;;;;187;FT;53;FT;;OTHER;;OTHER;;;TREE;POINT;ROUTINE;;;;;COMPLETED;;179
ESSV301;;OTHER;573806.6N;0182457.4E;57.63517;18.41594;;;;432;FT;216;FT;;OTHER;;OTHER;;;ANTENNA;POINT;ROUTINE;;;;;COMPLETED;;179
ESSV1342;;OTHER;573900.4N;0182108.8E;57.6501;18.35244;;;;195;FT;27;FT;;OTHER;;OTHER;;;TREE;POINT;ROUTINE;;;;;COMPLETED;;179
ESSV1346;;OTHER;573900.0N;0182111.3E;57.65001;18.35315;;;;201;FT;32;FT;;OTHER;;OTHER;;;TREE;POINT;ROUTINE;;;;;COMPLETED;;179
ESSV1347;;OTHER;573859.7N;0182111.4E;57.6499;18.35317;;;;200;FT;31;FT;;OTHER;;OTHER;;;TREE;POINT;ROUTINE;;;;;COMPLETED;;179
ESSV1238;;OTHER;573852.2N;0182051.3E;57.64785;18.34758;;;;190;FT;24;FT;;OTHER;;OTHER;;;TREE;POINT;ROUTINE;;;;;COMPLETED;;179
ESSV1910;;OTHER;573950.0N;0182006.8E;57.66388;18.33523;;;;192;FT;53;FT;;OTHER;;OTHER;;;TREE;POINT;ROUTINE;;;;;COMPLETED;;179
ESSV1712;;OTHER;573950.3N;0182003.4E;57.66398;18.33427;;;;191;FT;51;FT;;OTHER;;OTHER;;;TREE;POINT;ROUTINE;;;;;COMPLETED;;179
ESSV1732;;OTHER;573942.1N;0181957.0E;57.66168;18.33251;;;;193;FT;52;FT;;OTHER;;OTHER;;;TREE;POINT;ROUTINE;;;;;COMPLETED;;179
ESSV1578;;OTHER;574037.6N;0182231.2E;57.67711;18.37534;;;;219;FT;85;FT;;OTHER;;OTHER;;;TREE;POINT;ROUTINE;;;;;COMPLETED;;179
ESSV1782;;OTHER;574005.3N;0182214.4E;57.66814;18.37067;;;;209;FT;78;FT;;OTHER;;OTHER;;;TREE;POINT;ROUTINE;;;;;COMPLETED;;179
ESSV1781;;OTHER;574008.9N;0182214.4E;57.66913;18.37066;;;;192;FT;62;FT;;OTHER;;OTHER;;;TREE;POINT;ROUTINE;;;;;COMPLETED;;179
ESSV1796;;OTHER;573935.8N;0182151.2E;57.65994;18.36423;;;;223;FT;77;FT;;OTHER;;OTHER;;;TREE;POINT;ROUTINE;;;;;COMPLETED;;179
ESSV1618;;OTHER;573935.8N;0182201.3E;57.65993;18.36703;;;;215;FT;68;FT;;OTHER;;OTHER;;;TREE;POINT;ROUTINE;;;;;COMPLETED;;179
ESSV1678;;OTHER;573956.7N;0181958.8E;57.66576;18.33299;;;;195;FT;56;FT;;OTHER;;OTHER;;;TREE;POINT;ROUTINE;;;;;COMPLETED;;179
ESSV1841;;OTHER;573937.5N;0182142.0E;57.66042;18.36168;;;;206;FT;67;FT;;OTHER;;OTHER;;;TREE;POINT;ROUTINE;;;;;COMPLETED;;179
ESSV1623;;OTHER;573934.2N;0182153.3E;57.6595;18.36481;;;;224;FT;78;FT;;OTHER;;OTHER;;;TREE;POINT;ROUTINE;;;;;COMPLETED;;179
ESSV1559;;OTHER;574022.1N;0182131.9E;57.6728;18.35887;;;;184;FT;53;FT;;OTHER;;OTHER;;;TREE;POINT;ROUTINE;;;;;COMPLETED;;179
ESSV1105;;OTHER;574005.2N;0182130.1E;57.6681;18.35837;;;;192;FT;61;FT;;OTHER;;OTHER;;;TREE;POINT;ROUTINE;;;;;COMPLETED;;179
ESSV1849;;OTHER;573930.0N;0182147.3E;57.65832;18.36313;;;;205;FT;53;FT;;OTHER;;OTHER;;;TREE;POINT;ROUTINE;;;;;COMPLETED;;179
ESSV1396;;OTHER;573858.6N;0182121.6E;57.6496;18.35599;;;;212;FT;43;FT;;OTHER;;OTHER;;;TREE;POINT;ROUTINE;;;;;COMPLETED;;179
ESSV1558;;OTHER;574024.8N;0182134.1E;57.67356;18.35946;;;;183;FT;51;FT;;OTHER;;OTHER;;;TREE;POINT;ROUTINE;;;;;COMPLETED;;179
ESSV1569;;OTHER;574005.4N;0182118.3E;57.66817;18.35509;;;;185;FT;54;FT;;OTHER;;OTHER;;;TREE;POINT;ROUTINE;;;;;COMPLETED;;179
ESSV1573;;OTHER;574019.5N;0182138.0E;57.67208;18.36054;;;;190;FT;61;FT;;OTHER;;OTHER;;;TREE;POINT;ROUTINE;;;;;COMPLETED;;179
ESSV1859;;OTHER;573856.1N;0182224.7E;57.64892;18.37352;;;;257;FT;87;FT;;OTHER;;OTHER;;;TREE;POINT;ROUTINE;;;;;COMPLETED;;179
ESSV1651;;OTHER;573845.6N;0182124.0E;57.646;18.35666;;;;245;FT;76;FT;;OTHER;;OTHER;;;TREE;POINT;ROUTINE;;;;;COMPLETED;;179
ESSV1878;;OTHER;574014.9N;0182036.7E;57.6708;18.34353;;;;182;FT;51;FT;;OTHER;;OTHER;;;TREE;POINT;ROUTINE;;;;;COMPLETED;;179
ESSV275;;OTHER;574015.0N;0182047.0E;57.67084;18.3464;;;;194;FT;63;FT;;OTHER;;OTHER;;;POLE;POINT;ROUTINE;;;;;COMPLETED;;179
ESSV140;;OTHER;573507.6N;0181101.2E;57.58546;18.18366;;;;606;FT;460;FT;;OTHER;;OTHER;;;ANTENNA;POINT;ROUTINE;;;;;COMPLETED;;179
ESSV2069;;OTHER;573908.9N;0181939.2E;57.65247;18.32755;;;;152;FT;10;FT;;OTHER;;OTHER;;;VEGETATION;POINT;ROUTINE;;;;;COMPLETED;;179
ESSV1961;;OTHER;573916.1N;0181908.2E;57.65449;18.31894;;;;184;FT;51;FT;;OTHER;;OTHER;;;TREE;POINT;ROUTINE;;;;;COMPLETED;;179
ESSV1967;;OTHER;573913.7N;0181910.4E;57.65381;18.31956;;;;184;FT;46;FT;;OTHER;;OTHER;;;TREE;POINT;ROUTINE;;;;;COMPLETED;;179
ESSV1965;;OTHER;573914.3N;0181906.6E;57.65398;18.31851;;;;179;FT;44;FT;;OTHER;;OTHER;;;TREE;POINT;ROUTINE;;;;;COMPLETED;;179
ESSV2023;;OTHER;573900.2N;0181923.3E;57.65005;18.32315;;;;172;FT;24;FT;;OTHER;;OTHER;;;TREE;POINT;ROUTINE;;;;;COMPLETED;;179
ESSV2018;;OTHER;573859.5N;0181926.2E;57.64985;18.32395;;;;167;FT;20;FT;;OTHER;;OTHER;;;TREE;POINT;ROUTINE;;;;;COMPLETED;;179
ESSV33;;OTHER;573832.7N;0182005.4E;57.64242;18.33483;;;;201;FT;35;FT;;OTHER;;OTHER;;;POLE;POINT;ROUTINE;;;;;COMPLETED;;179
ESSV894;;OTHER;573803.4N;0181955.3E;57.63427;18.33203;;;;254;FT;80;FT;;OTHER;;OTHER;;;STACK;POINT;ROUTINE;;;;;COMPLETED;;179
ESSV62;;OTHER;573822.8N;0181954.5E;57.63966;18.33179;;;;207;FT;40;FT;;OTHER;;OTHER;;;BUILDING;POINT;ROUTINE;;;;;COMPLETED;;179
ESSV61;;OTHER;573822.6N;0181955.5E;57.63961;18.33208;;;;210;FT;42;FT;;OTHER;;OTHER;;;STACK;POINT;ROUTINE;;;;;COMPLETED;;179
ESSV32;;OTHER;573824.3N;0182000.2E;57.64009;18.33338;;;;217;FT;51;FT;;OTHER;;OTHER;;;POLE;POINT;ROUTINE;;;;;COMPLETED;;179
ESSV14;;OTHER;573725.9N;0181904.4E;57.62386;18.31789;;;;303;FT;123;FT;;OTHER;;OTHER;;;STACK;POINT;ROUTINE;;;;;COMPLETED;;179
ESSV10;;OTHER;573829.4N;0181944.7E;57.64151;18.32908;;;;238;FT;73;FT;;OTHER;;OTHER;;;STACK;POINT;ROUTINE;;;;;COMPLETED;;179
ESSV612;;OTHER;573808.8N;0181954.0E;57.63577;18.33167;;;;251;FT;80;FT;;OTHER;;OTHER;;;ANTENNA;POINT;ROUTINE;;;;;COMPLETED;;179
ESSV15;;OTHER;573726.7N;0181905.7E;57.62408;18.31824;;;;313;FT;135;FT;;OTHER;;OTHER;;;STACK;POINT;ROUTINE;;;;;COMPLETED;;179
ESSV17;;OTHER;573726.9N;0181910.5E;57.62414;18.31958;;;;310;FT;131;FT;;OTHER;;OTHER;;;STACK;POINT;ROUTINE;;;;;COMPLETED;;179
VISBY-23351;10;M;573752.1N;0182108.9E;57.63113;18.35248;0.3;Seconds;;286;FT;79;FT;5;M;5;M;1;M;ANTENNA;POINT;ROUTINE;20250121;Y;FR;;COMPLETED;;179
ESSV2;;OTHER;573846.7N;0181922.5E;57.64632;18.32293;;;;285;FT;117;FT;;OTHER;;OTHER;;;ANTENNA;POINT;ROUTINE;;;;;COMPLETED;;179
ESSV5;;OTHER;573756.6N;0181744.0E;57.6324;18.29556;;;;310;FT;173;FT;;OTHER;;OTHER;;;SPIRE;POINT;ROUTINE;;;;;COMPLETED;;179
ESSV220;;OTHER;574011.1N;0182108.1E;57.66974;18.35226;;;;144;FT;10;FT;;OTHER;;OTHER;;;NAVAID;POINT;ROUTINE;;;;;COMPLETED;;179
ESSV205;;OTHER;573905.0N;0181903.2E;57.65138;18.31755;;;;177;FT;34;FT;;OTHER;;OTHER;;;POLE;POINT;ROUTINE;;;;;COMPLETED;;179
ESSV1978;;OTHER;573909.6N;0181923.4E;57.65265;18.32317;;;;172;FT;30;FT;;OTHER;;OTHER;;;TREE;POINT;ROUTINE;;;;;COMPLETED;;179
ESSV1980;;OTHER;573907.1N;0181908.5E;57.65198;18.31904;;;;179;FT;42;FT;;OTHER;;OTHER;;;TREE;POINT;ROUTINE;;;;;COMPLETED;;179
ESSV1981;;OTHER;573906.9N;0181908.1E;57.65191;18.31891;;;;180;FT;40;FT;;OTHER;;OTHER;;;TREE;POINT;ROUTINE;;;;;COMPLETED;;179
ESSV1405;;OTHER;573858.6N;0182100.0E;57.64962;18.35001;;;;185;FT;17;FT;;OTHER;;OTHER;;;TREE;POINT;ROUTINE;;;;;COMPLETED;;179
ESSV1361;;OTHER;573855.6N;0182109.1E;57.64877;18.35254;;;;194;FT;24;FT;;OTHER;;OTHER;;;TREE;POINT;ROUTINE;;;;;COMPLETED;;179
ESSV1366;;OTHER;573854.9N;0182106.3E;57.64859;18.35175;;;;189;FT;18;FT;;OTHER;;OTHER;;;TREE;POINT;ROUTINE;;;;;COMPLETED;;179
ESSV1387;;OTHER;573846.4N;0182131.5E;57.64623;18.35874;;;;233;FT;66;FT;;OTHER;;OTHER;;;TREE;POINT;ROUTINE;;;;;COMPLETED;;179
ESSV1377;;OTHER;573847.0N;0182127.4E;57.6464;18.35762;;;;236;FT;67;FT;;OTHER;;OTHER;;;TREE;POINT;ROUTINE;;;;;COMPLETED;;179
ESSV1356;;OTHER;573858.4N;0182121.7E;57.64955;18.35602;;;;208;FT;40;FT;;OTHER;;OTHER;;;TREE;POINT;ROUTINE;;;;;COMPLETED;;179
ESSV1634;;OTHER;573852.5N;0182212.2E;57.64791;18.37004;;;;244;FT;77;FT;;OTHER;;OTHER;;;TREE;POINT;ROUTINE;;;;;COMPLETED;;179
ESSV1635;;OTHER;573851.6N;0182207.1E;57.64767;18.36863;;;;259;FT;91;FT;;OTHER;;OTHER;;;TREE;POINT;ROUTINE;;;;;COMPLETED;;179
ESSV1012;;OTHER;573843.7N;0182018.2E;57.64546;18.33839;;;;204;FT;46;FT;;OTHER;;OTHER;;;TREE;POINT;ROUTINE;;;;;COMPLETED;;179
ESSV1490;;OTHER;574025.5N;0182126.6E;57.67376;18.35739;;;;159;FT;26;FT;;OTHER;;OTHER;;;TREE;POINT;ROUTINE;;;;;COMPLETED;;179
ESSV522;;OTHER;574005.0N;0182107.9E;57.66805;18.35219;;;;150;FT;15;FT;;OTHER;;OTHER;;;ANTENNA;POINT;ROUTINE;;;;;COMPLETED;;179
ESSV198;;OTHER;573853.3N;0182041.5E;57.64813;18.34486;;;;173;FT;12;FT;;OTHER;;OTHER;;;ANTENNA;POINT;ROUTINE;;;;;COMPLETED;;179
ESSV1013;;OTHER;573844.6N;0182017.5E;57.64573;18.33819;;;;189;FT;30;FT;;OTHER;;OTHER;;;TREE;POINT;ROUTINE;;;;;COMPLETED;;179
ESSV630;;OTHER;573913.7N;0182134.8E;57.6538;18.35968;;;;254;FT;83;FT;;OTHER;;OTHER;;;ANTENNA;POINT;ROUTINE;;;;;COMPLETED;;179
ESSV1258;;OTHER;573934.4N;0182004.9E;57.65956;18.33469;;;;192;FT;52;FT;;OTHER;;OTHER;;;TREE;POINT;ROUTINE;;;;;COMPLETED;;179
ESSV737;;OTHER;573755.8N;0182100.2E;57.63217;18.35004;;;;274;FT;73;FT;;OTHER;;OTHER;;;STACK;POINT;ROUTINE;;;;;COMPLETED;;179
ESSV351;;OTHER;573938.0N;0182020.1E;57.66055;18.33893;;;;206;FT;67;FT;;OTHER;;OTHER;;;POLE;POINT;ROUTINE;;;;;COMPLETED;;179
ESSV1736;;OTHER;573938.1N;0181949.1E;57.66057;18.33032;;;;198;FT;51;FT;;OTHER;;OTHER;;;TREE;POINT;ROUTINE;;;;;COMPLETED;;179
ESSV1854;;OTHER;573909.1N;0182224.5E;57.65252;18.37346;;;;247;FT;80;FT;;OTHER;;OTHER;;;TREE;POINT;ROUTINE;;;;;COMPLETED;;179
ESSV828;;OTHER;573907.4N;0182150.2E;57.65206;18.36395;;;;230;FT;63;FT;;OTHER;;OTHER;;;ANTENNA;POINT;ROUTINE;;;;;COMPLETED;;179
ESSV1815;;OTHER;573906.7N;0182135.1E;57.65186;18.35974;;;;224;FT;55;FT;;OTHER;;OTHER;;;TREE;POINT;ROUTINE;;;;;COMPLETED;;179
ESSV1814;;OTHER;573908.2N;0182134.8E;57.65229;18.35966;;;;224;FT;56;FT;;OTHER;;OTHER;;;TREE;POINT;ROUTINE;;;;;COMPLETED;;179
ESSV1210;;OTHER;573832.8N;0182121.3E;57.64244;18.35591;;;;245;FT;68;FT;;OTHER;;OTHER;;;TREE;POINT;ROUTINE;;;;;COMPLETED;;179
ESSV2017;;OTHER;573851.6N;0181858.4E;57.64767;18.31624;;;;202;FT;57;FT;;OTHER;;OTHER;;;TREE;POINT;ROUTINE;;;;;COMPLETED;;179
ESSV2016;;OTHER;573851.6N;0181902.1E;57.64768;18.31725;;;;202;FT;54;FT;;OTHER;;OTHER;;;TREE;POINT;ROUTINE;;;;;COMPLETED;;179
ESSV1018;;OTHER;573826.7N;0182021.0E;57.64075;18.33917;;;;243;FT;74;FT;;OTHER;;OTHER;;;TREE;POINT;ROUTINE;;;;;COMPLETED;;179
ESSV1244;;OTHER;573851.2N;0182044.7E;57.64755;18.34576;;;;228;FT;64;FT;;OTHER;;OTHER;;;TREE;POINT;ROUTINE;;;;;COMPLETED;;179
ESSV1243;;OTHER;573851.2N;0182045.6E;57.64755;18.34601;;;;229;FT;64;FT;;OTHER;;OTHER;;;TREE;POINT;ROUTINE;;;;;COMPLETED;;179
ESSV1081;;OTHER;573849.9N;0182044.2E;57.6472;18.3456;;;;213;FT;50;FT;;OTHER;;OTHER;;;TREE;POINT;ROUTINE;;;;;COMPLETED;;179
ESSV1956;;OTHER;573919.5N;0181920.0E;57.65541;18.32224;;;;217;FT;72;FT;;OTHER;;OTHER;;;TREE;POINT;ROUTINE;;;;;COMPLETED;;179
ESSV202;;OTHER;573854.9N;0181830.4E;57.64858;18.30843;;;;212;FT;69;FT;;OTHER;;OTHER;;;ANTENNA;POINT;ROUTINE;;;;;COMPLETED;;179
ESSV1220;;OTHER;573847.4N;0182058.4E;57.6465;18.34954;;;;227;FT;57;FT;;OTHER;;OTHER;;;TREE;POINT;ROUTINE;;;;;COMPLETED;;179
ESSV616;;OTHER;573946.2N;0182014.8E;57.66284;18.33744;;;;230;FT;93;FT;;OTHER;;OTHER;;;ANTENNA;POINT;ROUTINE;;;;;COMPLETED;;179
ESSV1318;;OTHER;573911.5N;0182058.5E;57.6532;18.34957;;;;204;FT;54;FT;;OTHER;;OTHER;;;TREE;POINT;ROUTINE;;;;;COMPLETED;;179
TJAUTET-28668;10;M;573806.5N;0182457.4E;57.63515;18.41594;0.3;Seconds;;433;FT;217;FT;5;M;5;M;1;M;ANTENNA;POINT;ROUTINE;20250121;Y;FR;;COMPLETED;;179
ESSV1903;;OTHER;574007.3N;0182014.4E;57.66869;18.33734;;;;190;FT;55;FT;;OTHER;;OTHER;;;TREE;POINT;ROUTINE;;;;;COMPLETED;;179
ESSV1686;;OTHER;574004.8N;0182016.1E;57.66799;18.33781;;;;188;FT;52;FT;;OTHER;;OTHER;;;TREE;POINT;ROUTINE;;;;;COMPLETED;;179
ESSV2198;;OTHER;574014.5N;0182024.1E;57.67069;18.34004;;;;183;FT;53;FT;;OTHER;;OTHER;;;TREE;POINT;ROUTINE;;;;;COMPLETED;;179
ESSV2194;;OTHER;574014.6N;0182026.1E;57.67073;18.34059;;;;182;FT;51;FT;;OTHER;;OTHER;;;TREE;POINT;ROUTINE;;;;;COMPLETED;;179
ESSV1703;;OTHER;573955.6N;0182007.2E;57.66543;18.33534;;;;188;FT;51;FT;;OTHER;;OTHER;;;TREE;POINT;ROUTINE;;;;;COMPLETED;;179
ESSV1585;;OTHER;574010.9N;0182144.0E;57.66968;18.36222;;;;189;FT;57;FT;;OTHER;;OTHER;;;TREE;POINT;ROUTINE;;;;;COMPLETED;;179
ESSV1595;;OTHER;573944.2N;0182217.7E;57.66229;18.37158;;;;207;FT;69;FT;;OTHER;;OTHER;;;TREE;POINT;ROUTINE;;;;;COMPLETED;;179
ESSV274;;OTHER;574014.4N;0182047.5E;57.67067;18.34653;;;;194;FT;63;FT;;OTHER;;OTHER;;;POLE;POINT;ROUTINE;;;;;COMPLETED;;179
ESSV1668;;OTHER;573943.3N;0182000.6E;57.66203;18.33349;;;;190;FT;50;FT;;OTHER;;OTHER;;;TREE;POINT;ROUTINE;;;;;COMPLETED;;179
ESSV1615;;OTHER;573939.0N;0182200.4E;57.66083;18.36679;;;;202;FT;58;FT;;OTHER;;OTHER;;;TREE;POINT;ROUTINE;;;;;COMPLETED;;179
ESSV1840;;OTHER;573938.5N;0182148.0E;57.66069;18.36333;;;;210;FT;70;FT;;OTHER;;OTHER;;;TREE;POINT;ROUTINE;;;;;COMPLETED;;179
ESSV1839;;OTHER;573939.9N;0182151.7E;57.6611;18.36436;;;;204;FT;65;FT;;OTHER;;OTHER;;;TREE;POINT;ROUTINE;;;;;COMPLETED;;179
ESSV1620;;OTHER;573935.0N;0182158.2E;57.65973;18.36617;;;;220;FT;73;FT;;OTHER;;OTHER;;;TREE;POINT;ROUTINE;;;;;COMPLETED;;179
ESSV1622;;OTHER;573935.0N;0182154.6E;57.65974;18.36518;;;;222;FT;76;FT;;OTHER;;OTHER;;;TREE;POINT;ROUTINE;;;;;COMPLETED;;179
ESSV1631;;OTHER;573932.6N;0182142.5E;57.65906;18.3618;;;;202;FT;55;FT;;OTHER;;OTHER;;;TREE;POINT;ROUTINE;;;;;COMPLETED;;179
ESSV1113;;OTHER;574043.6N;0182155.7E;57.67878;18.36548;;;;204;FT;71;FT;;OTHER;;OTHER;;;TREE;POINT;ROUTINE;;;;;COMPLETED;;179
ESSV743;;OTHER;573932.4N;0182017.8E;57.65901;18.33828;;;;186;FT;50;FT;;OTHER;;OTHER;;;ANTENNA;POINT;ROUTINE;;;;;COMPLETED;;179
ESSV1801;;OTHER;573930.6N;0182120.4E;57.65851;18.35567;;;;194;FT;50;FT;;OTHER;;OTHER;;;TREE;POINT;ROUTINE;;;;;COMPLETED;;179
ESSV2116;;OTHER;574031.1N;0182048.5E;57.67532;18.34681;;;;178;FT;51;FT;;OTHER;;OTHER;;;TREE;POINT;ROUTINE;;;;;COMPLETED;;179
ESSV357;;OTHER;574006.4N;0182000.0E;57.66845;18.33334;;;;214;FT;113;FT;;OTHER;;OTHER;;;BUILDING;POINT;ROUTINE;;;;;COMPLETED;;179
ESSV1873;;OTHER;574024.6N;0182044.4E;57.6735;18.34566;;;;180;FT;49;FT;;OTHER;;OTHER;;;TREE;POINT;ROUTINE;;;;;COMPLETED;;179
ESSV2134;;OTHER;574031.0N;0182040.7E;57.67529;18.34464;;;;177;FT;50;FT;;OTHER;;OTHER;;;TREE;POINT;ROUTINE;;;;;COMPLETED;;179
ESSV2140;;OTHER;574024.7N;0182044.2E;57.67352;18.34561;;;;180;FT;50;FT;;OTHER;;OTHER;;;TREE;POINT;ROUTINE;;;;;COMPLETED;;179
STENGRINDE-36849;10;M;574528.1N;0185153.1E;57.7578;18.86474;0.3;Seconds;;561;FT;492;FT;5;M;5;M;1;M;WINDMILL;POINT;ROUTINE;20120417;Y;FLGR;;COMPLETED;;179
ESSV419;;OTHER;573908.2N;0181945.0E;57.65229;18.32917;;;;160;FT;20;FT;;OTHER;;OTHER;;;ANTENNA;POINT;ROUTINE;;;;;COMPLETED;;179
ESSV732;;OTHER;573914.7N;0181914.6E;57.65408;18.32073;;;;174;FT;31;FT;;OTHER;;OTHER;;;STACK;POINT;ROUTINE;;;;;COMPLETED;;179
ESSV809;;OTHER;573900.7N;0181904.3E;57.65021;18.31786;;;;179;FT;34;FT;;OTHER;;OTHER;;;POLE;POINT;ROUTINE;;;;;COMPLETED;;179
